Date,Deepindex,AMT_IND,LCLS_10_P,LCLS_20_P,LCLS_30_P,LCLS_40_P,LCLS_50_P,LCLS_60_P,LCLS_70_P,LCLS_80_P
20180401,0.36981707604166664,0.995310498082497,0.3009425643757102,0.23177478979246402,0.35556008203071665,0.028134241564450473,0.05549200052097722,0.006596708257151978,0.011234125602235577,0.005575985938790861
20180402,0.0002782246249999701,1.021435236870891,0.3185649325447787,0.21235021965166812,0.3841759605015496,0.03243563538638908,0.05045577270082954,0.005860391072140238,0.011781643963554965,0.0058106810499811085
20180403,0.0010231889583332914,1.0083067784465833,0.32657434898997023,0.21192952454632216,0.3715570057886683,0.029181945478999154,0.04955319104361319,0.005917461519637759,0.010253950530305813,0.003339350549067082
20180404,0.09150384422916663,1.018782675847783,0.33726425224532125,0.21675948541250312,0.346883034510591,0.03149707897374912,0.06334511079612187,0.006542465535012878,0.012837712695194611,0.003653535679289265
20180405,0.08813645122916668,0.956284546292031,0.3377385119585976,0.20116398337543936,0.2924034503754951,0.02402706100236877,0.07990700087440596,0.0069577327080778345,0.010434477896899809,0.003652328100746593
20180406,-0.03826458063829792,1.0218091088574695,0.34385516954489,0.22542124870375155,0.33252474383986264,0.03289690022471283,0.06795254138385307,0.005238421275690232,0.010381312798005672,0.0035387710867034344
20180407,0.2236906984893617,1.029478147139012,0.3224557375002015,0.24829710798172785,0.3445495492086255,0.03062820796666639,0.06041019996258842,0.006884924627348872,0.011772652689069808,0.004479767202783678
20180408,0.21929525309787234,1.0611418677204485,0.32248358850791653,0.2375550863231285,0.3055617061765822,0.029526925952425304,0.14375451872546063,0.0060361587803714626,0.011590835650871812,0.004633047603691961
20180409,0.0664876882083333,0.980804796317838,0.3375603679566936,0.2059092827300072,0.33946172257052326,0.03224176643883715,0.04566832863030678,0.005693919451508543,0.010776247257527946,0.003493161282433268
20180410,-0.02495718148936172,1.0476372331391106,0.33584262328516484,0.21185553451598133,0.35642476726099137,0.031076091531248035,0.09341680986880407,0.005893774270106609,0.009857642120224164,0.0032699902865902684
20180411,-0.0041567608872340265,1.034801919411937,0.33787963335728355,0.22422799536426544,0.369779716571215,0.02898396062671437,0.05199519386101065,0.006640276215611047,0.012122394261383843,0.003172749154453155
20180412,-0.02362331765957444,1.0481869811008144,0.34172894936168874,0.22231309677278116,0.38394564742669135,0.030274160837110802,0.048266882780067515,0.006184178456486017,0.012251085626669822,0.003222979839319051
20180413,-0.03397820404255318,1.1061034981319413,0.3534695279238695,0.25287097423765037,0.39947011221258494,0.027185254091067576,0.04865677794729609,0.006706587674657472,0.012435983714049755,0.005308280330765845
20180414,0.08383573046808514,1.02780656635447,0.3309528112981044,0.2464646469498787,0.32487441254927524,0.02720127174384506,0.0784863008802728,0.0053593472210049665,0.010467277136351453,0.004000498575737373
20180416,0.08471346172340423,1.0018592757986855,0.3275087340104078,0.21239724634878782,0.360139081129837,0.037855707619283564,0.044237479059337864,0.004944671514125846,0.01053855907506694,0.004237797041838406
20180417,-0.044489805978723394,1.04707726550376,0.34702217677845393,0.22185946888759892,0.3846078389995209,0.026193059307003535,0.04589575141857586,0.006248298378114785,0.011903811447664175,0.003346860286828018
20180418,-0.05824491987234045,1.0443832836283105,0.34498934051744395,0.22067834230713462,0.38435877599660745,0.026117094462896666,0.046790385592981494,0.006302801473912317,0.011923267023445774,0.003223276253888693
20180419,-0.11234224591304347,1.0561179357929076,0.34502281131511886,0.22374507421333348,0.3879630950255832,0.02478914568477164,0.04914932639334508,0.008921395888077844,0.012611913837376034,0.003915173435301327
20180420,-0.27357032148936167,1.1272286478759135,0.33483997252321857,0.24796249004695692,0.4395730609621343,0.02656954033402611,0.05500731952933057,0.006858915043248458,0.012116903326703598,0.004300446110294427
20180421,-0.13560132486956525,1.1940283383688952,0.3148434237133658,0.2758709255158203,0.4808174556707667,0.030288305443164774,0.06581613821215354,0.007260075573801539,0.013780009700449854,0.005352004539372763
20180422,0.25555857328260867,1.0901458707964355,0.3359579102510175,0.24715918552995525,0.3491433038939678,0.025156299087918485,0.11077465823051419,0.00706740245463238,0.011232960789594825,0.0036541505588346184
20180423,0.21053704642553195,0.940415914151705,0.3500099730561985,0.2024948086392534,0.28278005282145685,0.024633847202712875,0.06527740146967867,0.004168541471359808,0.008991810675129292,0.002059478815915358
20180424,0.11787722006521742,1.0232909344284051,0.3512734848501045,0.22052936012012128,0.3634209677401717,0.028731059093264424,0.04162162793048781,0.006391153396997543,0.007911494522682885,0.0034117867745752043
20180425,-0.0715501036212766,1.0777436055745957,0.3365230084491847,0.22612476659721537,0.4174651731715847,0.028352137419937196,0.04498568504456315,0.006951584227363859,0.013348494522605704,0.0039927561421409016
20180426,-0.07480533099999993,1.079434080556835,0.3493824143245896,0.2271785024464067,0.40351877552766746,0.029452014030291296,0.04688970791675364,0.003905981883144685,0.015167621064621538,0.003939063363359696
20180427,-0.19434529304255313,1.1167589039652117,0.3390611074966774,0.24123003515517125,0.4273563528703205,0.033571972764470784,0.05252030535070969,0.006069575673732301,0.01286539918627909,0.004084155467850399
20180428,-0.047230222086956576,1.1102409479172899,0.31160040743676387,0.2500219597822838,0.43012095909732606,0.025859217536145503,0.0625078516393587,0.00887029976543033,0.015486509881978592,0.0057737427780033615
20180429,0.2703613821173913,1.0467359771981462,0.3073193430410468,0.2361255571152555,0.39659554164212363,0.029186580611299435,0.055328538464972044,0.0052493184394993226,0.011669066932768809,0.005262030951180074
20180430,-0.11758880925531913,1.097703902278017,0.33936574920528134,0.23768210687863403,0.4227857909365137,0.03090771733979911,0.04690625447237855,0.005792772225108769,0.011085132023295786,0.003178379197005752
20180501,0.04232548915217392,1.082074144843733,0.32402107188477614,0.23665966672861596,0.4245930320499858,0.02602608665021754,0.05193827516332271,0.004520134694950693,0.009838227156933934,0.0044776505149303055
20180502,-0.04222656260869566,0.9967749203895556,0.3446588635048443,0.2019390644618757,0.3133068268095287,0.027924895069995372,0.08989685436958145,0.004656911201530431,0.010367269142439935,0.004024235829759612
20180503,-0.041040015437500015,1.0375350721850511,0.346601912578009,0.21721058727371284,0.3545710204290087,0.027920297135022372,0.072137773179178,0.00595106948505534,0.009876715336644686,0.003265696768420804
20180504,-0.2008884106304348,1.1145827369598038,0.3409081692305338,0.2365171153485576,0.40601099520327344,0.02924185249602646,0.07848804399367583,0.008212854036814399,0.010092059126683263,0.005111647524239362
20180505,-0.15568919278043483,1.0889210822162712,0.279837335544588,0.24875533934956262,0.4207821291047543,0.02440654111475758,0.07888435123606138,0.016349101358089816,0.013459074268765261,0.0064472102396927146
20180506,0.22927544404347824,0.9892960710478216,0.2791908903646823,0.230401706233208,0.31123225765897355,0.03005776451667315,0.10434084668527835,0.020256938289916027,0.008981461067390952,0.004834206231699139
20180507,0.23964541197959188,1.0209695775767023,0.2781145165980771,0.2213123226926452,0.37958276678355746,0.026928883584593787,0.0588506828383244,0.039630768545598966,0.010154805724213657,0.0063948308096915445
20180508,0.08763594070212766,1.0826099593511802,0.3314745560138692,0.2156572625391286,0.3727284491392908,0.03271982444209384,0.053321530648057114,0.061255742552966695,0.011388528883427666,0.004064065132346124
20180509,-0.0985519799913043,1.050581149738766,0.32965482190372797,0.22584342103031302,0.3888029317437179,0.02816570193814478,0.05299813387508292,0.010464695929135785,0.009105425730270407,0.005546017588373708
20180510,-0.09809068281632653,1.0413645221508305,0.33677803583464266,0.21736269919645448,0.38258361566742993,0.030161595723783415,0.051065988240500286,0.007438255995497618,0.009754843895805746,0.0062194875967168314
20180511,-0.32930528830612243,1.1501792427747723,0.3618891091551524,0.2606178133267173,0.41831511992176584,0.02897323015647551,0.05871010032984257,0.005505914944189238,0.01159331800531229,0.004574636935317114
20180512,-0.06414966478808162,1.0298718892072436,0.3244330329395846,0.2385088700215961,0.3110668284727926,0.026738876382056263,0.10870061756977638,0.00606729531569707,0.010645770870674223,0.003710597635066618
20180513,0.15347940755102044,1.108424963415195,0.3261668384047949,0.2683807103034322,0.3958304100868766,0.0313307775913266,0.06026225743749621,0.007635836079937786,0.012752591138081996,0.006065542373248628
20180514,-0.1587487066530613,1.0358816807931297,0.3319011478748362,0.21373746522880827,0.38980835196279917,0.02851360079172733,0.05084558337553904,0.007534812868475984,0.01044856524623909,0.0030921534447044476
20180515,-0.30591538148979597,1.1448219109369269,0.33280672574530756,0.23939264156359064,0.46662787450530474,0.03047056233368879,0.054053191451186235,0.00677938080079036,0.010738507409903574,0.003953027127154772
20180516,-0.11554650597872343,1.0144517841761072,0.3484136203736893,0.20360216095309527,0.32842206152511094,0.025867202452751568,0.09090244672883592,0.006054072586026633,0.008537985207036846,0.0026522343495607474
20180517,-0.08784382946808503,0.9629167891943191,0.3308300903838355,0.19369952544252853,0.31320938523478303,0.025387648048999577,0.0821836528575227,0.0065445494045283294,0.008172087114813847,0.002889850707307984
20180518,-0.13814429845,1.0686535718220238,0.34861282118369696,0.23931887635297291,0.3577078417807868,0.03493819944229459,0.06561182499386514,0.007586066801256129,0.011010015474896533,0.003867925792254756
20180519,-0.24177659278260863,1.1868353688104012,0.3202834377530425,0.27805895435134104,0.46424445803320047,0.034046602388499526,0.06109364433336536,0.00762202088411417,0.015571097053799974,0.005915154013038246
20180520,0.1339315801956522,1.062843429828739,0.3194976887711526,0.2500279631037131,0.3835316328200167,0.032279050928513124,0.054288873004415227,0.006346366015580039,0.011648291053458864,0.005223564131889419
20180521,-0.10694307977777788,1.0570286794945525,0.32903900505823336,0.23569756513690499,0.3944186600127685,0.032306431588177184,0.044743436999423014,0.0058421621868492805,0.01094670200275899,0.0040347165094371295
20180522,-0.12096390475333335,1.0786515571638118,0.30150837304417016,0.21252202901160086,0.3331353501255411,0.024256477968542734,0.1865471257976121,0.006805922088044656,0.010135651091831895,0.0037406280364685384
20180523,-0.07815484384444442,1.0419406731951135,0.335314296252694,0.21848248129508926,0.38534998836407025,0.03697655157615211,0.044853449843957865,0.0057163990140815515,0.011000205590906734,0.004247301258161566
20180524,-0.2693311470545454,1.0758926790053098,0.33825137265618266,0.22614267011417477,0.410103001793724,0.031034241281131067,0.047237350892005085,0.00606999826388214,0.011275367675170882,0.005778676329039285
20180525,-0.30047598593181807,1.123186943149772,0.33779861685663154,0.23616807692857866,0.43989124576959937,0.03678870184786417,0.050404166390163575,0.006794833283288857,0.010604867032876572,0.004736435040769373
20180526,-0.29866724852272725,1.2139136275471656,0.3209320884350269,0.28431838239211166,0.49517266763970075,0.031867301399022406,0.05648699457000476,0.0061404674398045445,0.012878923124526574,0.006116802546968079
20180527,-0.039220803658139534,1.1692377684873616,0.34306557065557564,0.2764094602009254,0.4331083818750998,0.03462819424051462,0.057419705503486296,0.006164381028204691,0.012434294295789503,0.006007780687765896
20180528,-0.1624415952204545,1.090428009691179,0.3414446462972694,0.22613047021484275,0.42710473972352,0.02849846885535158,0.04305536064768927,0.007735324912624862,0.012231239879463023,0.004227759160418076
20180530,-0.1631805176222222,1.1304203576766503,0.35147086203274935,0.23807323721111512,0.42578674380132714,0.036266860677992986,0.04868701499198116,0.014288106250227306,0.010598611970354672,0.005248920740902007
20180531,-0.22905854827272717,1.1212625270970449,0.34217012408910263,0.2403781171033075,0.43889900448056884,0.03199341498496704,0.0449591831579554,0.00671550052333027,0.012451114831348177,0.0036960679264650825
20180602,-0.28527987200681815,1.2393032546380516,0.32558344366142244,0.2809764530003428,0.5141559557568652,0.033789239445441335,0.05809129710797418,0.007584346745847667,0.012621711989323638,0.006500806930834174
20180603,0.08543982956,1.133665930850164,0.32254319212188787,0.2577369769523357,0.45166128721268745,0.028474376782744875,0.049796791944078767,0.00772316637539935,0.010788583603227495,0.004941555857802683
20180604,-0.2461508752272728,1.0791965341372878,0.34912344306363885,0.2110656347140134,0.4292434052262926,0.03081848328824603,0.04013867597290157,0.005385594917004668,0.010229168989265007,0.003192127965925969
20180605,-0.2371459247111111,1.1599267241267142,0.3443546340922353,0.2380598194363382,0.4804970585681234,0.031372100250802934,0.04482338781394232,0.005336371645131329,0.010847609519580557,0.004635742800559954
20180606,-0.06246026475999996,1.1180192309860935,0.31725745613682643,0.24642687876280467,0.4499222144302407,0.03134870942497579,0.04878893788047581,0.006584451237924169,0.012494196062219498,0.005196387050626477
20180607,-0.1625566136888889,1.1094209343156363,0.35411828289649516,0.22243012313592558,0.43948096077725785,0.031113959876451783,0.04303532800131358,0.006577128947313927,0.008768005347547802,0.003897145333330691
20180608,-0.2582893296688889,1.1411839510895636,0.35273548937934757,0.2444025909194178,0.4469615097819837,0.0324575945573372,0.04311751006269672,0.005543686695128764,0.011709943686284785,0.004255626007367129
20180609,-0.47426314528888897,1.28294822783811,0.3437822521696745,0.2661425935406951,0.4787578128350909,0.029903186095287287,0.1353019778080624,0.007323678958510822,0.016601867801156314,0.005134858629632634
20180610,0.12892811577777777,1.107750248091388,0.3444293309558632,0.2540710542323593,0.40110937360673915,0.028962352129066535,0.051954581417579845,0.007435854273288953,0.01364549585009523,0.006142205626395805
20180611,-0.2642657143111112,1.0865909695168552,0.3729031779521131,0.20360177498408621,0.37810306667220345,0.028624646644294878,0.0780766321809441,0.005582901964653658,0.014740261091130892,0.004958508027428771
20180612,-0.2414685875222223,1.1282214742613863,0.3615821999991118,0.24010839050744906,0.4327943291621944,0.027636869604912972,0.045367011419812045,0.005273219352362838,0.010754991245284028,0.004704462970259006
20180613,-0.00947481466666666,1.159267541622535,0.3510910237657222,0.26173658703559105,0.44504047132463015,0.028861023612166827,0.04919620159710482,0.006092488228761915,0.011280541478287042,0.005969204580270853
20180614,-0.23948328122222226,1.0727475947713436,0.36207331032860607,0.21452660982014135,0.37229915161221144,0.029897215368068355,0.07145509437079084,0.0055932020040226835,0.00959206021142541,0.007310951056077748
20180615,-0.24265143682222212,1.1474431623497907,0.35744184106211824,0.2532106771955167,0.43693939124540676,0.027000428057035307,0.04794178536225187,0.0060599467875174055,0.01374343400093407,0.005105658639010011
20180616,-0.15808026918181817,1.2154893277330605,0.35505462776902125,0.26665103799183565,0.4842423140500516,0.029425865866942322,0.053018504000718655,0.006797249079135838,0.014752766042776663,0.005546962932578771
20180617,0.04099650761363636,1.1299016211384274,0.3533647506150846,0.2533495097323958,0.421986893768983,0.029598614658954556,0.047925567958047505,0.007009118495823635,0.01102594520091741,0.005641220708221457
20180618,-0.306536353590909,1.2326188561599096,0.4069635765623757,0.2699447754623494,0.4553907523287343,0.035051842620849386,0.042641341078317296,0.006052299081337768,0.012094648128803481,0.00447962089714238
20180619,-0.3269357269395349,1.1019435759077238,0.36034182090361644,0.2200243411479782,0.43102388781003437,0.029800826924776702,0.04067045085667182,0.004946613721642863,0.011468923624596221,0.0036667109184068077
20180620,-0.3807361769767442,1.1323544512452715,0.36024302636911654,0.23380173790875602,0.4467806199836517,0.02720575718393413,0.04214058403752081,0.0070167890766368035,0.011215136649589594,0.003950800036066119
20180621,-0.3509350250418605,1.1282059143338703,0.34718297653303026,0.2283708547722058,0.45300817051083647,0.03029908752639792,0.04487899133850642,0.00586345630267229,0.01238409367471402,0.0062182836755069575
20180622,-0.585352281209524,1.182365115488275,0.34586989151614417,0.250896143676821,0.48858619215502014,0.03002376260413496,0.04581583708765567,0.0057454201054617455,0.010210948947990508,0.005216919395047073
20180623,-0.42593419769047636,1.3216164097272642,0.3714132469972142,0.31168375187870395,0.5204908801464767,0.0313577841855246,0.05533999157159335,0.009071762101095856,0.014756807293370524,0.007502185553285392
20180624,0.024910434809523808,1.1459510628894316,0.3123500044881855,0.26831324463777384,0.4564691359980868,0.03089246391402937,0.05334009449876864,0.007892479925620845,0.010782134365695339,0.005911505061271457
20180625,-0.30435667461904764,1.1199696706109727,0.33771161675485617,0.2219554954108284,0.4578423360154226,0.035624656005504525,0.045388443917136014,0.005738026137693316,0.012385501252268331,0.003323595117263717
20180626,-0.1553803821833334,0.9664248751519122,0.3336149202323418,0.19620083869777777,0.31257598831176675,0.026361020879910307,0.08098316874047372,0.006122648223098837,0.00844565658087708,0.0021206334856658966
20180627,-0.41245973761558125,1.1525980524826054,0.37822385423182986,0.25683330171432844,0.4212593776606254,0.03202724963307155,0.043572064136009475,0.00611839349749079,0.00960723978508849,0.004956571824161514
20180628,-0.2685872098333332,1.1167122241826644,0.34033136156646804,0.21319669057219415,0.3988231194332182,0.030221375934734698,0.11590467125172989,0.005227522475959466,0.009391903073903638,0.003615579874456254
20180629,-0.5456106860697673,1.1597352611161866,0.3417795070871435,0.250024366004878,0.4599231460532164,0.03333955372042555,0.051460961979098246,0.005494242276671238,0.012125053082367809,0.005588430912385337
20180630,-0.6018533414999998,1.226598872008265,0.33988306950967023,0.2692157989942081,0.437733729278887,0.0306644864252097,0.1231354902820036,0.008154222094484787,0.01290624590747613,0.00490582951632592
20180701,0.3314952685951219,0.953730983274651,0.32609041673386696,0.21375258123440372,0.29375858708509717,0.0284137205637631,0.07399110454775315,0.004608791357604724,0.010114838719968692,0.003000943032193356
20180702,-0.09893667290243902,0.9686733931094792,0.3341585523668711,0.18937975612019534,0.32585860422786384,0.02985309379126789,0.06975334322615515,0.0057048876590079746,0.011320924441533035,0.0026442312765847385
20180703,-0.3003019637435897,1.113983083376923,0.33710762028181046,0.2262056607567865,0.45288336974820087,0.03168056838430983,0.04437957415874314,0.005728377067346095,0.011965741077250732,0.004032171902475317
20180704,-0.36939812780263165,1.141220641228253,0.33999243328309414,0.23093257828725428,0.4750659553317354,0.03266126921919334,0.04186623673189067,0.006001333454625294,0.010027014380972398,0.0046738205394875896
20180705,-0.24991849315789472,1.0985270286396847,0.34583917252986807,0.22032707909170396,0.42321241971049806,0.029688280536501726,0.05901251838257918,0.005992997596985548,0.009991301179741067,0.0044632596118073355
20180706,-0.2840979038421053,1.1398378136630454,0.35493970634252403,0.2474277030458521,0.4357443420455879,0.03461622565984165,0.04530018268667588,0.005205032931916439,0.011205126486720013,0.0053994944639276735
20180707,-0.14375369557894735,1.1578278997973501,0.31885886802183855,0.26190091989550773,0.4651295558073438,0.0324396626051925,0.05371581076817021,0.006321990762789178,0.013170316395396163,0.006290775541112314
20180708,0.1211403038421053,1.125841267734599,0.3322420603108324,0.25015206282994357,0.4316110375816776,0.03322134329782901,0.05375019730144039,0.00605587671065762,0.012854968182989097,0.005953721519229363
20180709,-0.04851272025526315,0.9878141649277347,0.3481609692982227,0.18946669614432618,0.3131691099238111,0.04120484963508079,0.07783834004757491,0.0061599884016111,0.009184429884034319,0.0026297815930739054
20180710,-0.259699844948718,1.0231109117209793,0.3312031229542844,0.1979107770830769,0.3726507839172741,0.0338171544691099,0.06643416443092726,0.005995617769787584,0.010608705775656266,0.004490585320863102
20180711,-0.31406265933333327,1.038613396848198,0.3259233047534439,0.2156412478013083,0.39270246735234926,0.029627074618681366,0.05292898994773021,0.0067229305147085625,0.009949656295197326,0.005117725564779408
20180712,-0.33918171307894723,1.132779557139524,0.35838147663268693,0.2222961515945371,0.4377526823818674,0.03244677182354558,0.05851068190236338,0.005163461134341345,0.012084766319649944,0.006143565350532305
20180713,-0.4003997351060525,1.1516928658979306,0.33512220925254516,0.2381804653841716,0.46880629537234064,0.03517384209606037,0.04985699947392988,0.008216801752226824,0.011218981340757717,0.005117271225897727
20180714,-0.22867258305263158,1.196264169835037,0.3183607998659334,0.26299998691020626,0.5040403569251138,0.03508743134521253,0.050651591441723785,0.006085822060556597,0.01295623171116651,0.006081949575123946
20180715,0.15312481500789474,1.1324894214179204,0.32222784595104925,0.25135282678273185,0.4500599439385524,0.03445410321552103,0.051484112000651686,0.0060458739069452075,0.011801510846398543,0.0050632047760707285
20180716,-0.2999259646578947,1.0953979155986158,0.32149951442144326,0.21949164505137875,0.4600785772490632,0.03187815878077572,0.04137728132532339,0.006461239657115441,0.01096106028817638,0.0036504388253394615
20180717,-0.30300351350000004,1.1131594102104356,0.32310723693109966,0.2269188386353306,0.4718917692970676,0.029990243643498744,0.0409488469074151,0.005348700679478149,0.010778120560278924,0.00417565355626667
20180718,-0.26543864264864864,1.1240807986374055,0.32885080033911146,0.22736021737878653,0.4754475642799002,0.028111201322522775,0.04296425752242845,0.0058764611241684155,0.011764146360141736,0.00370615031034616
20180719,-0.2887325840729729,1.1416220145541163,0.32751819044369224,0.2322674956483313,0.48672020394549637,0.030390032961905542,0.04236252809360608,0.00552231338095509,0.011195483304150412,0.005645766775979151
20180720,-0.4221312926108107,1.1834216996255216,0.34160416087882556,0.24085745699458327,0.5021121560842674,0.0334303939092813,0.04514728192395337,0.006423117000172929,0.00920962523775243,0.004637507596684911
20180721,-0.1591808846405406,1.2232778846912868,0.3142727965180898,0.26228814580162096,0.5395342329816114,0.0313871967833967,0.05152942216222653,0.007208031476433941,0.012081154914896185,0.004976904053011379
20180722,-0.0006768203767567743,1.180627255918411,0.32187218280593144,0.26146515268645615,0.4975063654865599,0.02956737454881221,0.04760334257432894,0.0077227702022676665,0.010330995610497901,0.004559072003556831
20180723,-0.39694484675675684,1.164985245718906,0.3385921248477785,0.2259544231717697,0.5030561446936925,0.03288781402163715,0.04431120989872262,0.005237390949793679,0.010487870202953579,0.004458267932558087
20180724,-0.41592151399189203,1.17928438537961,0.34334643112056934,0.2334827904345903,0.5057360649970625,0.03529918822265435,0.042368505871257456,0.005284711375653579,0.01035067796660221,0.0034160153912205175
20180725,-0.38143700278378373,1.1813672470356975,0.35974545724086504,0.2227323499256722,0.49960932579874584,0.033258435130327516,0.04454321603732821,0.0069384934076498934,0.00954711460359697,0.00499285489151261
20180726,-0.3059054681891892,1.1677867916925817,0.3593657854568212,0.22409012644507575,0.49030963861170385,0.03159422510893731,0.042634992869535475,0.005794262847630441,0.009856265898944288,0.004141494453933606
20180727,-0.49068227645945955,1.180527471783942,0.3503188556796355,0.2342312556171241,0.5009522152648312,0.029844179104434636,0.0429889496565489,0.0062365570473820065,0.011864065905561345,0.00409139350842413
20180728,-0.3413945731756757,1.178529539139886,0.3223412152771031,0.23665568925661162,0.47918264028992635,0.029683449614676814,0.08729492015925468,0.007718165069961275,0.010453367944236177,0.0052000915281167365
20180729,0.04127760457297298,1.089034257647243,0.30732761634004696,0.2292708399438107,0.45817556907450196,0.02906844311907232,0.04586170768273228,0.005325000516364685,0.009651423683591828,0.004353657287122555
20180730,-0.23354732835135136,1.1380188883423932,0.3451333586920393,0.2092887752244467,0.49231446715700655,0.028330659567181553,0.040744362652638616,0.006106895926525466,0.012164875376805186,0.003935493745749657
20180731,-0.2212939611027027,1.19636471299036,0.3609878372632883,0.22328278510029564,0.5178974672962499,0.03211587169331212,0.04206964693717021,0.006650493915613804,0.009990446041657655,0.0033701647427724648
20180801,-0.4601909578333333,1.2465628011686318,0.36450456973488493,0.23350281508792964,0.5443077099943285,0.037273614679842054,0.04512276641586433,0.005598282862904223,0.012190631209240393,0.0040624111836375905
20180802,-0.4479368485714287,1.209872736057654,0.36920161959584674,0.22636025710376087,0.5230410713227888,0.03213647165298447,0.04186135481280432,0.005733190111440499,0.008043529025802826,0.0034952424322253275
20180803,-0.3239908405555555,1.226807548527456,0.3590166459045813,0.23666973543129555,0.5348302477562351,0.0331055871054908,0.04316679130961856,0.006406902369187662,0.009117752789208712,0.004493885861838219
20180804,-0.2081859257416667,1.1840524459555466,0.33373669448631266,0.2403474465098395,0.506277154272536,0.027140276006758925,0.05148785810941423,0.008042103754650969,0.01278091457469735,0.004239998241336994
20180805,0.06695160805555554,1.097577498197868,0.33001060006088023,0.2294558177342473,0.4450661156176502,0.024962505127625767,0.04785932075796927,0.007575342048029694,0.008308533985125599,0.0043392628663400335
20180806,-0.23392845389722222,1.1267738317367868,0.3542849064903769,0.20459966862724407,0.46145531422318864,0.029149347508685173,0.05931077598316208,0.005851261616796571,0.00864570354364174,0.0034768537436917868
20180807,-0.13184209919444445,1.1281615387217734,0.3521700351133276,0.20802599959541768,0.4811371877640386,0.027029618156421686,0.04021081383130892,0.005701312040275492,0.010175413974065501,0.0037111582469176066
20180808,-0.25431864544444444,1.1520658433242161,0.3634959639359374,0.21197075923083386,0.4913817313971409,0.026217850757781526,0.03908682560725432,0.00593057515868273,0.010506955043598618,0.0034751821929873733
20180809,-0.27265725380555556,1.1627051199643303,0.36495881391335505,0.21238775566530577,0.4611327179833815,0.02699795341105652,0.07683850126324648,0.007833444902586008,0.008939119034652509,0.0036168137907465875
20180810,-0.3704830142916667,1.2274841342955116,0.37198347946694865,0.2380062637863564,0.5205521242484639,0.028135327661404794,0.04586246055399487,0.006153545133115751,0.012600964333078037,0.004189969112149589
20180811,-0.11556086789722225,1.2158975454133027,0.3353087525652056,0.24059563868430947,0.5347091432706965,0.02884346816175019,0.05165962675969727,0.00776220655014669,0.011824106374451466,0.005194603047045548
20180812,-0.02804634373999998,1.1826779676197372,0.3444353098584249,0.23411858964343255,0.47439836668663027,0.025992682423199617,0.08358703775753386,0.005889022239834521,0.009529171681684325,0.0047277873289971704
20180813,-0.38495617349166666,1.160507022677808,0.36664262268339826,0.20610014347981975,0.4963851728430757,0.026257925072537398,0.0453868524945367,0.006989700657322383,0.009371259840271073,0.003373345606847082
20180814,-0.43995496952777774,1.2186823929281816,0.3712084631573834,0.2262463103476039,0.5209474422663761,0.03393082400053431,0.04332977873764911,0.007161944032976981,0.011687645872723062,0.004169984512934951
20180815,-0.3589934316111111,1.1924409004676442,0.3337821427360685,0.22584957685674578,0.49218046420879374,0.03067826575488363,0.0912792016532255,0.006115984478869736,0.008039597306483045,0.004515667472574159
20180816,-0.3067246342222222,1.1662597772729209,0.36182047701724146,0.21024929101489037,0.4979909615691462,0.029364204240357523,0.04157652657909491,0.007190274279040751,0.01174205178084925,0.006325990792300454
20180817,-0.44273082438888883,1.2013261883447357,0.37677852125067385,0.23086407405104925,0.4959066449566255,0.029351727030775585,0.04587520941292466,0.005094191298740166,0.012788779073277141,0.004667041270669827
20180818,-0.25325333805555555,1.2127181968093357,0.3480815136767641,0.24516823463265197,0.5100207012293593,0.03120053776985707,0.05260524676675531,0.007021016271530399,0.013803852855084007,0.004817093607334208
20180819,-0.04573038955555554,1.1432023772966882,0.3407731414245862,0.2307544397189629,0.4758869241297304,0.025221578459388282,0.048109792950680845,0.007356425182366598,0.010251315719076589,0.004848759711896812
20180820,-0.34348686661111116,1.1458571882744721,0.3645222272208798,0.20102227055356792,0.4816403863922335,0.03229979360809392,0.04323092989525168,0.006463789184535949,0.011881586744471173,0.004796204675438234
20180821,-0.20486889377777778,1.1424721721268454,0.36775920131906437,0.2060159339546067,0.4568026519023836,0.040678996052439687,0.052480345389342285,0.00622206545947991,0.009344566942501527,0.003168411107027742
20180822,-0.4155838555555557,1.2228312280263465,0.3737732361917938,0.2222797333120662,0.5260475788490049,0.03000641372256711,0.04840956860348508,0.005809551174245298,0.012542109540041316,0.003963036633143159
20180823,-0.39761960644444444,1.2180423485926888,0.3950482545125619,0.2311741920698046,0.4630198119520682,0.029384129225430124,0.07669843726499674,0.005778123522689197,0.013554350961761422,0.003385049083376452
20180824,-0.27304020702777776,1.0907046456847276,0.36765809506862,0.21812105427148168,0.3822483826480864,0.02969103243553037,0.07476473363884005,0.005397144329235166,0.009648742639938876,0.00317546065299512
20180825,-0.30779513702777783,1.2124104409607552,0.35373753609547715,0.25368074477125785,0.49399179568965906,0.03099644500255784,0.0555961883692101,0.006520445273223105,0.011932772248817256,0.005954513510552938
20180826,0.010719237166666689,1.187127320760478,0.36426010054252356,0.24750699246208446,0.43520190950968574,0.029460140638193983,0.08740138974638441,0.006282167209382052,0.011810415981162852,0.005204204671060957
20180827,-0.10477060671388888,1.0564991540170412,0.37327139417035216,0.19741699686293804,0.36983455245408847,0.030522343547380634,0.06559223519941378,0.004983864306637515,0.01186857297829767,0.0030091944979329867
20180828,-0.23272982374444448,1.0766284955078984,0.36932686393994324,0.1901266041964752,0.3456651995508841,0.03074154773318078,0.124155245543437,0.0046704964242113125,0.009239488051436161,0.0027030500683306933
20180829,-0.29913511561111106,1.0886017241917731,0.3865201219309938,0.201595558665257,0.36275543016566286,0.028648650950695756,0.09029564536048908,0.005460947696062949,0.010188541440820193,0.0031368279817913258
20180830,-0.3225159425683334,1.1751630376795303,0.3864706679524954,0.22334697755831534,0.4499173696935263,0.03194649047451103,0.06253458896954586,0.005389357781191831,0.011947516922524848,0.0036100683274197225
20180831,-0.3835839144999999,1.2546042205029313,0.3811827633525952,0.24951645374216916,0.5142973574642752,0.034799926814892655,0.05275023214666317,0.0062946582509596765,0.011722263142327726,0.004040565589048497
20180901,-0.2908049249083334,1.2850411465205183,0.37407388494984334,0.26643684863862555,0.5267053903537752,0.033894146734084724,0.05773642419279923,0.007011713652823439,0.013054307786893342,0.006128430211673962
20180902,0.06431728066666667,1.1451353323340283,0.34724979226292146,0.22771919959055265,0.4597154097079554,0.03148707323393092,0.05349949341220202,0.008065470791793993,0.012999681142063855,0.004399212192608266
20180903,-0.11929866608333335,1.0823961323333338,0.38331324494114827,0.18087663178978852,0.36491345071667747,0.025705537384249452,0.10724496471060634,0.006804228794359519,0.011503174420217685,0.002034899576286145
20180904,-0.30321232238888896,1.146315094712791,0.3831718882528938,0.21180507446958194,0.4568832551772641,0.03286753194841379,0.04428599611823367,0.004839801091896473,0.00913572094691857,0.003325826707588182
20180905,-0.5694509585833333,1.2329858969587988,0.4375809409466005,0.2172516817343015,0.47313360898640244,0.034765749168227646,0.04680133982874693,0.006945304910975217,0.013370037903822376,0.003137233479722332
20180906,-0.4535462994166666,1.2236872951185847,0.44370800824723683,0.2102955794853896,0.45801890797372063,0.030474900466139782,0.06044435657035314,0.00568721459573051,0.010221025118367436,0.004837302661647092
20180907,-0.5466407748055555,1.253391820227429,0.4467523699269834,0.2344881041618219,0.4685301727176792,0.030277190815093804,0.0519639199366742,0.007169253938650224,0.010239331996412521,0.003971476734113206
20180908,-0.40905890500000003,1.2705190173759389,0.3766510807019522,0.25486087848014216,0.5150037681753897,0.03444849895623701,0.05943545738536714,0.008915448795809168,0.015409605916224454,0.005794278964817369
20180909,-0.03588475036111113,1.2157963245607875,0.3781489959547921,0.24874113211927995,0.47191524814816316,0.03322942891768137,0.059387412082424235,0.008202931957770639,0.00977425874041251,0.006396916640263321
20180910,-0.3121137116111112,1.2301394874310487,0.4692649017818208,0.2059561150178822,0.44927661190018914,0.03679999312606361,0.04703436569161619,0.00662519696888867,0.011762033307422834,0.0034202696371651844
20180911,-0.3022936398628571,1.1724645016789552,0.4008289656734653,0.21380488801140832,0.4507479949295511,0.03562087359719318,0.051779412947363074,0.006310149699684929,0.009935636412683331,0.0034365804076058448
20180912,-0.3300139099428572,1.1998903106433805,0.4048389426434253,0.21605597500338958,0.47511242727966885,0.028903530307311538,0.05129743321457991,0.006581590396154957,0.010543281424316073,0.00655713037453463
20180913,-0.4615490258399999,1.19129263745434,0.40375558128302935,0.21716578857114419,0.4677837986563179,0.030945142693239558,0.05123819985920914,0.006130923336840283,0.010652957083287765,0.003620245971271973
20180914,-0.5093515965294119,1.2703663186447613,0.4003757426035802,0.22938872341359437,0.4800226406766541,0.03202535496042097,0.10424111453231746,0.0073944006269131635,0.01247386456751209,0.004444477263769169
20180915,-0.22075791352941176,1.257475813258316,0.3767359708048723,0.2548765008160401,0.4902405685736094,0.028378353626114666,0.08188137349457554,0.008544234229989352,0.012723622204563011,0.004095189508551742
20180916,-0.10241950629696972,1.1423295575298773,0.3638307024251295,0.22616743453123067,0.39626741480976624,0.026334587801618674,0.11003189864378937,0.005929507436111056,0.010150088838793246,0.0036179230434385764
20180917,-0.3712575444794118,1.1547798579286448,0.3963152205798759,0.20637879555119015,0.44712607840432483,0.03676962287727327,0.04428992438453499,0.006702844307023118,0.01301974312419719,0.004177628700225346
20180918,-0.3328603287272728,1.1937077062736765,0.40081156434645904,0.22936069107475632,0.4595218331304105,0.03125418316871957,0.04939475388889688,0.0068480210331248095,0.012555212848096286,0.003961446783213069
20180919,-0.47021584573529407,1.2159202618231602,0.42640789393387263,0.20259381893038822,0.4503810761007096,0.034994925152547186,0.08152044232090337,0.005776109285944852,0.010762172679484691,0.0034838234193091846
20180920,-0.3500045879,1.145905765609156,0.45247841038880243,0.1924353299452385,0.3789374653321585,0.030875840182961647,0.07134765122430337,0.007558013654867274,0.009789888221567025,0.002483166659257395
20180921,-0.3990790399333333,1.168992360780396,0.42493146608575727,0.22276184630822365,0.3995978863731925,0.03367988398939822,0.06670871568078629,0.00585259104951678,0.01117056545989973,0.004289405833621746
20180922,-0.06871198575862066,1.13744542097899,0.33834114602647675,0.23182033696825005,0.4505515102124043,0.02763744383124574,0.06022433252248486,0.010161679597084701,0.01237293212572732,0.006336039695316075
20180923,0.027137445103703684,1.1641679971217929,0.34543525720051643,0.25295813875310924,0.43136731128022254,0.034885506838173125,0.06667050200670424,0.013269979995958574,0.012014920007586674,0.007566381039521966
20180924,-0.016709364296296287,1.246488525556449,0.3471669344814813,0.28749144383573255,0.4654516740039948,0.029851332681036014,0.0780412070905471,0.011506726683022349,0.015919158247740806,0.011060048532893971
20180925,-0.062214161240740716,1.0744525182577052,0.3221863471366043,0.22755236165270412,0.4078106551583962,0.031131914910816634,0.06170990858683339,0.0070080289619526915,0.010976085565932617,0.006077216284465028
20180926,0.16814432644444446,1.0546008699680174,0.3273825467791838,0.20801286940156863,0.4099500085204497,0.03174825215243776,0.05414046155208188,0.006551649749361375,0.012615204778981308,0.004199877033952582
20180927,-0.22358586131111108,1.1066283610527754,0.3678375720320362,0.18910597848508204,0.441862151054362,0.030649864171108192,0.052235667610425036,0.0064169609010289235,0.014249353790255298,0.0042708130084779935
20180928,-0.361608943182963,1.1526763129542739,0.3931649036103202,0.21206826251389635,0.4442975516730774,0.026764654943579887,0.0546086084530033,0.006651552749186984,0.011145821092982185,0.00397495791822751
20180929,-0.217694522,1.2343574747506285,0.3724835763085,0.23602759534934403,0.508436564731129,0.030198980266059876,0.06274356440397423,0.008309668526492177,0.011097787999564263,0.00505973716556522
20180930,0.076890178548,1.1051563214292845,0.35549742070302826,0.2194086994305239,0.4197212680628912,0.03020955438031274,0.05755523706194627,0.0065215684978053795,0.011552139834905169,0.004690433457871115
20181001,-0.20188000506800002,1.0731701796320445,0.3856104234241437,0.1876256405030684,0.3922230216108792,0.03427142107291436,0.05217883617610572,0.0058496124798299185,0.011849559148525292,0.003561665216577947
20181002,-0.34729284364,1.153789091742634,0.3826960419829074,0.2224990614315773,0.4389801227282807,0.031227201392227788,0.051436153708964504,0.009705630067936878,0.013130971451313218,0.004113908979426101
20181003,-0.22816515041200003,1.1494968017029834,0.35757432198065275,0.2175470781957683,0.4591476242362575,0.03578727570592651,0.05519474214551406,0.006909903183042568,0.01112371360974845,0.006212142646073206
20181004,-0.19186500976,1.1477877849255858,0.38413186897546003,0.21194789096070893,0.44940412525164586,0.031881660092391045,0.04923199610957943,0.007638132490283883,0.00917900484809759,0.004373106197419075
20181005,-0.13814529816000004,1.09952465776834,0.38969891441243276,0.20405734420411228,0.3472445679997537,0.02746413988988021,0.11419250000137152,0.005851515636331565,0.008909801420739197,0.0021058742037184373
20181006,-0.0018156196000000118,1.1056365647670325,0.35610867692786835,0.2335715882773317,0.3951293190722096,0.02780963972717562,0.06939392007773833,0.008053723404614374,0.011028237943859792,0.004541459336234629
20181007,0.07474167588,1.1544583041652454,0.373256206019018,0.23698130535717413,0.42961930210398663,0.03066672331600972,0.06027836186151119,0.0073986112573224405,0.011133975795663796,0.005123818454559776
20181008,-0.2902968064814815,1.1361373298600541,0.3934990328630107,0.21073855616113565,0.4276424648578417,0.031104096439292534,0.05125227159254201,0.006500226962994546,0.011983905240971642,0.0034167757422654144
20181009,0.12267946794444447,1.0626378165008536,0.3520906111299593,0.21370635580417507,0.39602364034183785,0.027802849844695925,0.05399066999820773,0.004608312042809418,0.010052315724973402,0.004363061614195374
20181010,-0.16598560809756094,1.0622600680863399,0.3980791541282093,0.19114315760874215,0.36122996881092245,0.034112819577589736,0.05777616569499444,0.006056494446404177,0.011461822018926668,0.002400485800550773
20181011,-0.24496577745116271,1.087533592094386,0.4102048324394819,0.19473211558315495,0.38116952757355743,0.0306566600127143,0.052874732539798824,0.00530739379885154,0.009479018557740936,0.0031093115890864368
20181012,-0.38919482181395365,1.1551173782378754,0.4092075263772202,0.21916744765171473,0.41716140647863287,0.03319869698765555,0.052644735713585855,0.007507303796238827,0.013237077461163756,0.0029931837716631353
20181013,-0.399834500744186,1.170778282635078,0.3717424981619263,0.2369267158847817,0.4428773593267604,0.028711653042918277,0.06550987260214748,0.007461942260165561,0.012918366195596106,0.004629875160782573
20181014,0.014044693411627897,1.1661130151691401,0.3899668740900401,0.23567545050944455,0.4249105159941717,0.030887663440451234,0.06021208483240384,0.007742829963029772,0.012264185748663298,0.004453410590935853
20181015,-0.16877694672093024,1.0999680885946495,0.39803454617841305,0.20039613212555482,0.401828890752621,0.031515787529696644,0.04587811672809055,0.008000810171324368,0.011272139630212856,0.0030416654787357457
20181016,-0.20676964702325584,1.1135525016893633,0.3966159027551048,0.20984380789570783,0.40497885388960336,0.03162251146284313,0.05069539370715581,0.006003353709964484,0.010797580411061276,0.0029950978579227345
20181017,-0.15866187146511632,1.1092786721212073,0.4035562697579465,0.20363835786504209,0.40194789075032994,0.029919375702793325,0.04958048067209475,0.005748638914347762,0.011737873444961328,0.0031497850136916385
20181018,-0.22401805774418607,1.1367112309496608,0.40802050180014315,0.21762083443730015,0.4034766102940594,0.03574961508522493,0.049624157776517665,0.006629836807930663,0.011584808117735618,0.004004866630749378
20181019,-0.2814882094651162,1.1681690671243343,0.40521685603658353,0.23289050794082433,0.4281317642992654,0.030035610374221786,0.05156528577622964,0.005324441754606482,0.011180146617755592,0.003824454324847727
20181020,-0.2131107406976744,1.2100875931752315,0.3882918677018502,0.2397081420129544,0.45460252359150793,0.03412811517104611,0.06735894372165711,0.008236070400121557,0.012568162612979212,0.0051937679631149656
20181021,0.06952117739534885,1.1563628230284324,0.38673300023609986,0.23836614134009804,0.41994490494025105,0.031055502471427063,0.05746925368333659,0.005536495241639714,0.013145693777496335,0.004111831338083768
20181022,-0.1232777623255814,1.0880076548337478,0.39542127892907014,0.2015747950559929,0.3898043910167681,0.03272070238210401,0.045050698783770084,0.006467960504859227,0.01385518328462695,0.00311264487655645
20181023,-0.27066731176744185,1.136661189789044,0.4022465250173115,0.20308329967590033,0.3656851176775832,0.0452607903504016,0.0999813595545172,0.006480747828950421,0.01080475106732358,0.003118598617056279
20181024,-0.24585082150465123,1.1075271230680754,0.39668912308796933,0.21336826455986194,0.3951683451612692,0.032095004004348525,0.04783368535298762,0.006786393352673457,0.012098716039612652,0.0034875915093526364
20181025,-0.08653281558139538,1.1162969855595202,0.39024124966057905,0.2128768329059654,0.4092417676892344,0.0328935285890213,0.049447024120528794,0.005928658266661442,0.012037009366595764,0.003630914960933764
20181026,-0.28111188023255806,1.121023842146216,0.3917795822676901,0.2155086997326432,0.3675050748448529,0.02803680912150173,0.10037881399862485,0.004064128697250701,0.010572011470598096,0.003178722013054632
20181027,-0.31256740685714285,1.145838077213674,0.371780646941765,0.23619324590253546,0.4123502316157789,0.032856624893604636,0.06758555727391002,0.007030382288842975,0.013734982822569995,0.00430640547466737
20181028,0.08636149702380953,1.1081073402955066,0.3752800034274655,0.2187765330729171,0.3485798605564501,0.03267481939162378,0.11132945844972603,0.006003365992525952,0.011669939014299868,0.0037933603904980345
20181029,-0.1229654919767442,1.0402993990289742,0.3999833645119704,0.1898967638380795,0.3412602478004399,0.03811994203995553,0.05033102386375094,0.007164813081858435,0.00989327563853655,0.003649968254383157
20181030,-0.20383132734883727,1.0667778415355293,0.39769924317908883,0.20818262222538517,0.36057795091726397,0.03191119647271149,0.050127461025155175,0.005995852542211929,0.009716765878720923,0.0025667492949923197
20181031,-0.3088346980465116,1.1025248774506609,0.3920321745596308,0.2144305568003645,0.3913912618312892,0.03385956283059439,0.05212930659679415,0.005625833756830907,0.010207786336324173,0.0028483947388328636
20181101,-0.19441049576744188,1.0831610084914916,0.38758801111440355,0.21505471038355725,0.3750296948570047,0.03481539688678878,0.05071352918095783,0.004783086228784523,0.011837668152280404,0.003338911687714245
20181102,-0.2864149403953487,1.1278968844145691,0.37712013176126663,0.23790586495039634,0.40919475927408444,0.02980966045719034,0.05337018908301788,0.005786100200254387,0.010341492805327337,0.004368685883031703
20181103,-0.20970610265116285,1.189598394475717,0.36248517176698036,0.2561698391001648,0.4419474178537426,0.03621356836631621,0.0684172338275318,0.006510281671879771,0.01219085186286728,0.0056640300262339955
20181104,0.2625223614883721,1.0994637734526604,0.35514774989045117,0.2418692561116899,0.3965208473974902,0.027368596020922464,0.05793503915561772,0.006012405759510975,0.010427297857749596,0.004182581259227883
20181105,-0.01969676767441863,1.061624686307524,0.37173258234543327,0.21933227793991364,0.37750051951726493,0.02877865678731387,0.045582870848689866,0.0064201755306900815,0.009630170341951622,0.002647432996267036
20181106,-0.213886372255814,1.0976779600295283,0.3770180045319507,0.22784092204296735,0.3808705291992695,0.030586979643679166,0.062386378764684745,0.005518458597353537,0.009837934554868474,0.0036187526947550224
20181107,-0.21658529009302327,1.104403074554932,0.38163220708440515,0.2331604182689778,0.36564742012839346,0.03460060115434202,0.07205775409824886,0.004435076380049347,0.010319457433097378,0.00255014000741798
20181108,-0.023653229930232545,1.020211424174684,0.3612715914094403,0.22555822248023383,0.30022637656225754,0.027173496014678448,0.09229669930276876,0.004309718871186533,0.007991889254045129,0.0013834302800738094
20181109,-0.32647612002325593,1.2452920105031136,0.3652727645550685,0.37291651395378217,0.3882880034247301,0.03620723839815695,0.06152309471578775,0.006636416534037731,0.010830343864874593,0.0036176350566758716
20181110,-0.5848681906046515,1.3639296266224616,0.33738952689642104,0.4726137620611914,0.42898734964818974,0.030533592482048986,0.06788572884086826,0.006197742632961096,0.01633860555500902,0.003983318505772156
20181111,-0.2646836028674418,1.5326351588435483,0.3523029977195441,0.6702509986821673,0.36192952940713813,0.03188892865744373,0.09294232814688688,0.005628567645238839,0.012415237990031351,0.005276570595097698
20181112,-0.06796753650000001,1.096771797560898,0.36525919938167895,0.2862551314220865,0.34679020866187826,0.03385317565834352,0.044373357549377344,0.005341421412538353,0.01227085062985122,0.0026284528451433428
20181113,-0.13685406736363637,1.0698556168844409,0.3721354629539263,0.2300570729742537,0.3679618481356959,0.031460073838788266,0.04816213767795805,0.007834702192090428,0.008997941080687655,0.003246378031040776
20181114,-0.03881752723181819,1.0949438042645696,0.3728238509821553,0.24134762959501999,0.37896433473255914,0.03227369577256117,0.04966247664199703,0.00537192589800201,0.011729439532598862,0.0027704511096761264
20181115,-0.07210286881818181,1.0383929283978766,0.3597456804998933,0.21247533725115153,0.36565675494534516,0.03329118569372156,0.050784068103358726,0.00386471218361654,0.009854358469023624,0.0027208312517660064
20181116,-0.049731892227272784,1.0786275124674596,0.37323501989802516,0.2173353301511104,0.3799728445805248,0.034234511649968234,0.05412131176806367,0.006276703288333852,0.008679480941922385,0.004772310189511107
20181117,0.11213686371162793,1.0727851663036378,0.34204367472642017,0.23100313607741688,0.38012873354267585,0.033574907874663475,0.06249340586499936,0.007154372001071149,0.012967361283636692,0.003419574932754397
20181118,0.3727673891162791,0.9991326018107203,0.3259982279895866,0.21227605038040567,0.35373205983546335,0.030985034750300414,0.0527100477470048,0.007096773495616761,0.01331468165810936,0.0030197259542331946
20181119,0.07421872404651163,0.9762250271295739,0.36066241328826365,0.18534975326354916,0.33534833192783964,0.032019642964024486,0.04532809402442494,0.005479847270030513,0.009340853634426556,0.0026960907570151276
20181120,0.10741567250860466,0.9814413166279345,0.35920137044351264,0.1844381827572779,0.34029505819334394,0.029036946344412798,0.050120257481251845,0.004769962994323484,0.011024557820775877,0.002554980593035747
20181121,0.11997770398837206,1.004256164519536,0.3658460076023347,0.19231931270118072,0.3428426778241221,0.03258833547489765,0.05310040462275343,0.00564712514907024,0.009858644150837844,0.0020536569943394103
20181122,0.06782223016279074,0.995045520804173,0.3628561100209391,0.19520629396686714,0.3362195983449855,0.03182372208318535,0.047421254243396445,0.005176593162981338,0.009585827750950631,0.006756121230867596
20181123,0.07724049973809523,1.0164440907717065,0.3571777579856445,0.20849738304967796,0.3450922982858623,0.03784877987604006,0.049231230742247646,0.006594720141908035,0.009773257648857845,0.002228663041468038
20181124,0.16227198251162792,1.0442865897930338,0.33638083975694044,0.2304225156991091,0.3383775808615971,0.03681116811907541,0.08044006062303054,0.007488698482370148,0.011491163654111706,0.002874562596799365
20181125,0.41094310911860465,1.0398375627214556,0.3515682262657816,0.23017894903666297,0.350589171686945,0.029473606124529293,0.05780587985456298,0.006066342722729551,0.010732376634896576,0.003423010395347704
20181126,0.20970044223809528,0.9962933417947119,0.3635687289214514,0.19286986957618138,0.34009727200403517,0.03216241248737417,0.047397162959402904,0.006560795768896348,0.011143032646876931,0.0024940674304933697
20181127,0.14709061457142855,0.9971294791679449,0.35643219799516634,0.19390549525398346,0.342891935248572,0.031333070524740145,0.05677783713651415,0.006277761846457868,0.007560212220617395,0.0019509689418934456
20181128,0.039770238476190475,0.9959075051610329,0.3595837582278625,0.19012145430554334,0.34553958203890256,0.030038239679440405,0.05298061237722839,0.006734468509638265,0.008876317966750463,0.002033072055666713
20181129,0.1212153166904762,0.9841219343147691,0.35461961512270057,0.19273292968679648,0.33667177827889244,0.0346266972063832,0.04924011716271585,0.005453348598708188,0.008410170708517658,0.0023672775500546356
20181130,0.05092909095238095,1.0515040106661948,0.3742619189842722,0.216144144640914,0.36047670863339737,0.028999228993659212,0.053190763366060476,0.005982161598352124,0.010253566032874294,0.0021955184166654474
20181201,0.13560492064285712,1.0671398131594263,0.3337388306096061,0.22447068420268654,0.3935645309915031,0.032069958914438944,0.06083253133574039,0.0068735567228183254,0.01219266349119228,0.00339705689144094
20181202,0.43891940107317073,1.0240485456726696,0.3325706985212195,0.22451073643503636,0.3592137932045232,0.028904981861181185,0.057714426447196154,0.0070727461241205485,0.010757857463239333,0.0033033056161532823
20181203,0.15481029064073168,1.0034049133371674,0.3632428271200384,0.18278446895451758,0.3217791914684396,0.03278991384945664,0.08723056826367331,0.005642397964060581,0.007683425952291182,0.002252119764689781
20181204,0.15429752990000006,0.9960752929169908,0.3684981044007105,0.19119658803179634,0.3325312923260505,0.03684680516139758,0.04889450212426722,0.005860198861672281,0.010033288351641053,0.002214513659455484
20181205,0.148179927952381,0.9862378404859117,0.36941875881825503,0.19655388592076287,0.3329843020910699,0.025798599630790203,0.043778623708352206,0.00519225024504012,0.009946025277150492,0.0025653947944914357
20181206,0.034102100619047615,1.00461267816388,0.36785143441782275,0.19975075883351637,0.341327558403886,0.030119649105605797,0.0456745067204437,0.006182077008048579,0.010555619638810776,0.003151074035746589
20181207,0.003721753285714293,0.9924134239127134,0.36953743422312474,0.20396663150575128,0.318433578289957,0.03612509631228654,0.04523913158564021,0.006923834539400892,0.009897445204020245,0.002290272252532887
20181208,0.17782890434146345,1.003267964288719,0.3384353490626821,0.2234999650262291,0.32704107226089124,0.04127977384716012,0.054588209401871604,0.006024195219511853,0.009929266294556947,0.00247013317581589
20181209,0.43769185590243903,0.9990013996344559,0.34596469437429245,0.22486969317266217,0.3180091888931306,0.03578747256525872,0.05539949132841418,0.005772278372743817,0.010232602850578153,0.0029659780773757956
20181210,0.04247361414634146,0.9929096609041803,0.370402831500407,0.1933327481929129,0.3278796562938541,0.03661119435188445,0.04331165155885405,0.007514112810707302,0.01094779226737769,0.002909673928182909
20181211,0.10581756185365854,1.0091583456294706,0.36647607586887276,0.2046387133779671,0.3454245127362706,0.031182282684458447,0.04194155067549799,0.005501322044566257,0.010670638760800301,0.003323249481037229
20181212,0.12868140404878053,1.0050433140672153,0.3756413255632342,0.19480495990182456,0.33692669599269576,0.03508658583500153,0.043087265330818574,0.006387881945248992,0.0103224271788479,0.0027861723195442404
20181213,-0.005371827560975602,0.9919011932675283,0.3780706725043962,0.19342391886906263,0.32440834989689965,0.02819962986578429,0.049283330136678044,0.005909534171024679,0.00991800891194169,0.0026877489117414066
20181214,-0.13106974320731707,1.0242170483023525,0.3686128476866406,0.21415584187308612,0.33754061442588706,0.03285823134417463,0.05066090102448567,0.008218237482572216,0.009463701429647572,0.0027066730358582727
20181215,-0.057457873952380965,1.0389717089072619,0.3300393135735227,0.23620550583454303,0.35706365644312155,0.035261575267496285,0.05759931634113355,0.006741721038509372,0.012762559259456765,0.003298061149478537
20181216,0.41960428704651154,0.9651405576504533,0.32812018232862744,0.21162107587302714,0.3218145424436196,0.03006580809860286,0.055645152122639194,0.005016591026353965,0.009690503296192034,0.0031667024613913058
20181217,0.16393744225581394,0.9879648569007138,0.3569691192546005,0.19934643565613197,0.331318626807314,0.030616864741125276,0.05027134102652071,0.006203322222605518,0.010498377680056136,0.002740769512359893
20181218,-0.004054424674418636,0.9966006166719146,0.3551260007887349,0.2010001778968037,0.3458134039250347,0.029885077141162446,0.04535370081797073,0.005455286008455933,0.010926274462964184,0.003040695630787854
20181219,-0.04235172565116279,1.0107895627692902,0.3607438034634963,0.20356753822047194,0.35369269991617375,0.030119828528403877,0.04691632254060289,0.004797583289321987,0.008313795512079218,0.002637991298740273
20181220,-0.1044640149534884,1.032358414418447,0.3613105468517817,0.20654900967137704,0.3597545231865677,0.03495655382658468,0.0496646985869003,0.0059002097512354185,0.010932632400726923,0.003290240143272961
20181221,-0.11168249244186046,1.0476756992316971,0.34259310909794816,0.21796472020552915,0.37901886111086724,0.03153851347219723,0.05494652672439957,0.006322348799044262,0.01191097649529601,0.00338064332641566
20181222,0.04496409511627905,1.0679342369151312,0.32082240423600533,0.23448108688460623,0.38674123783140035,0.030759025847715435,0.07174396710141298,0.007118411069630239,0.01213130820518712,0.004136795739173325
20181223,0.3273001454651162,0.9999989699002693,0.31776134600165373,0.23147916918006337,0.3394410634586515,0.03235938939491665,0.06037807373695254,0.004369737956340506,0.01071959846611271,0.0034905917055783548
20181224,0.23779800969767445,0.9768347919545525,0.31310353220230014,0.21843630019626167,0.33301242719437285,0.03676296785623808,0.05339831162707485,0.007482120576856756,0.010300272223158734,0.004338860078289374
20181225,0.2598066995348838,0.8872536597816967,0.27412196529509986,0.19693586583670863,0.3062562094207355,0.032270388071200744,0.058732113539653207,0.00604848321632477,0.009758174421837473,0.003130459980136788
20181226,0.09153670379069766,0.9308927234622456,0.331784139189103,0.18082007470193698,0.312337424041997,0.03695399152690429,0.05046073301890221,0.00616596521107122,0.010322014879756668,0.0020483808925743268
20181227,0.20944270083333338,0.9060794913866315,0.32847387768591063,0.17942156963753914,0.29717349812504734,0.038631430960245586,0.04458673319719914,0.006424861703632832,0.008980455466690697,0.0023870646103659196
20181228,0.18275416824999996,0.9516054538033882,0.33793816565497087,0.19345315243856037,0.3108463821153156,0.041014593427101835,0.049058988467578876,0.00625892002987118,0.010448852480713523,0.0025863991892761946
20181229,0.36431337459999996,0.9508397101928262,0.3129360625432717,0.21144972022303635,0.31616435201347676,0.03400629806987747,0.05534967232955471,0.006293765470466252,0.012065317127290878,0.0025745224158520495
20181230,0.3927497290809523,0.8928532548115418,0.2959924090069242,0.20078067297024613,0.29322679089837983,0.032774552706535925,0.0495392042573127,0.007148820964650269,0.009903489035811166,0.0034873149716814983
20181231,0.13852912,0.9640495464958827,0.31984960933142587,0.2194771452985619,0.31759363783680516,0.0327959417374888,0.05242751092951163,0.007665913547666905,0.011510637806734218,0.0027291500076884524
20190101,0.4760966433190476,0.8800695002866935,0.2955149977828892,0.1982538800711144,0.2823077077772563,0.03618917899242466,0.04698239999713742,0.006348238769893392,0.010562135215611952,0.0039109616803660865
20190102,0.21915414176190462,0.8858217940477151,0.32738452826105346,0.1748181110332588,0.28574590121313054,0.034649568549678905,0.043962018377130846,0.0060530426038448056,0.010696259506514767,0.002512364503102894
20190103,0.11342118911904764,0.9221516224396059,0.33568993886045606,0.1815170909252891,0.30835247759304885,0.035638621321800464,0.043605496720177224,0.004768801025257458,0.009747703583737497,0.0028314924098390556
20190104,0.03666039792857147,0.9483241795418296,0.33250996188332493,0.19372331025539521,0.32610184349980176,0.02982551461879847,0.04637470216685958,0.006534285034000963,0.009873643920271806,0.0033809181633768174
20190105,0.296459091452381,0.9380908977351693,0.3118654825096896,0.20747108838870074,0.31612275652602057,0.03360727509730985,0.049176969436331645,0.00754436619779585,0.009008100352977244,0.003294859226343788
20190106,0.5809664342380951,0.8892365475481024,0.30908003001034223,0.19568496543908517,0.29405188519003644,0.0246937039216839,0.04511534526610275,0.007375189102491248,0.009572123948302374,0.003663304670058309
20190107,0.0894990486428571,0.9110948301137837,0.34270474445724175,0.17939491903406812,0.2978356828071575,0.03274823843638916,0.04288314521055621,0.004300045666730895,0.00854264206261126,0.0026854124390289775
20190108,0.15926198023809524,0.9181279444587572,0.343691281385288,0.1803835479084361,0.3082272827248899,0.03058144985691979,0.038480064796587804,0.006572138020814423,0.0071501372835462585,0.003042042482275008
20190110,0.14510981290697672,0.9466979502533399,0.3452407788308909,0.19006490486084138,0.31749415941758063,0.0324041295329729,0.04179177346119216,0.006648052155319264,0.009459155934816384,0.003594996059726237
20190111,-0.06726516962790696,0.9819118824497894,0.34189862752659406,0.20367154833508025,0.34153775441311,0.029526157385681952,0.04637968787154573,0.006535094175175043,0.009498241208957953,0.0028647715336445625
20190112,0.1996543368837209,0.986420005490973,0.31792945971158515,0.21701975970490828,0.34022358491259985,0.028416086341618758,0.058290504331523905,0.008052377291969856,0.012692570513812933,0.0037956626829543016
20190113,0.49964193069534873,0.9513622147274337,0.3128110962199951,0.21084251458080236,0.31663116275470676,0.029596119619337256,0.06407591378848948,0.005331164560638561,0.009365343294003525,0.0027088999094602804
20190114,0.22872547786046507,0.949507113543448,0.34252545649180505,0.1779519774662301,0.3091524792193238,0.031170009434970454,0.0713354190858832,0.005569659639876063,0.008242862214214157,0.00355924999114509
20190115,0.05275419316279069,0.952579792609479,0.35939252966808777,0.19108655738596825,0.3029780716478357,0.030483894019535645,0.05011272411086858,0.006080490679432772,0.009068138851869438,0.0033773862458808513
20190116,0.10106859726190474,0.9392738046288999,0.3584936846729475,0.18849754239390087,0.3024722012392693,0.030938822162943518,0.041247386929123026,0.006430788763616374,0.008239237617294788,0.002954140849804267
20190117,0.12997384958139535,0.9664726934657408,0.36739241148905893,0.18837498783060835,0.3172364670815673,0.02725443049045944,0.04630357279255658,0.005602396916536841,0.010985724892324598,0.003322701972629094
20190118,-0.05229955627906978,1.0432912965897843,0.4026163102511749,0.21186026998460067,0.33434279301276637,0.030312011041167018,0.04666490074408725,0.006678853966590797,0.008195617829165032,0.002620539760232082
20190119,0.3071480937209302,0.9877442529109537,0.3096392063803222,0.21825939519712945,0.345119527795687,0.028081370423502578,0.06555827029328036,0.006957841307921899,0.010619907710682407,0.0035087338024279275
20190120,0.48609036026046526,0.9078107908476832,0.3023638626394305,0.2192060858720541,0.2963616427806452,0.02701851833379805,0.04669821736145328,0.005774357530393246,0.0074656384762190504,0.002922467853689899
20190121,0.19449493009302316,1.0005250526760472,0.4214588745557231,0.17880642579786096,0.2974674005825519,0.026989130977223046,0.05702810715033262,0.006986823575913394,0.008731353239372288,0.0030569367970698915
20190122,0.18119534590697675,0.9224293969644369,0.3372973073882932,0.18710215506672118,0.3080902198574332,0.02959084440904318,0.04229716124849925,0.006508198704463498,0.00851446918507236,0.0030290411049109173
20190125,0.09870830406818186,1.0081751696520045,0.3587369800405582,0.22158152669402387,0.32440044808536433,0.030865123449080087,0.0524094002216701,0.004966759645310555,0.01128046032388361,0.0039344711921135474
20190126,0.32447613440909084,0.9517973505401189,0.30368569913833393,0.22173423767751232,0.3213569594676553,0.02941825402890726,0.05374499371881133,0.007563752660361239,0.011196248708465655,0.0030972051400717637
20190127,0.4336318713068181,0.9741501894082324,0.3182445337416874,0.22320882180853266,0.33135716124721604,0.030193421949243335,0.05188585670998743,0.006130829862944246,0.00948106671618047,0.0036484973724409376
20190128,0.09170825721363642,0.9738886796159962,0.35626862208214205,0.19858797600855568,0.3064784874637959,0.05350121145778199,0.0395338416183373,0.008953578984154399,0.00843875352811795,0.0021262084731108887
20190129,0.10469062295454547,0.9630057030658372,0.36523292495694,0.1967156066099176,0.31551156133159536,0.027727694719511746,0.04109381505186405,0.004795819609137102,0.009635105639252742,0.0022931751476185634
20190130,0.06525968272727271,0.9802445847114988,0.3566734908638678,0.19541750053056242,0.3287835385130451,0.027000706671034363,0.056931278412235074,0.004163506288974283,0.00850399275220182,0.0027705706795776875
20190131,-0.5048655019090907,1.1387045010370391,0.5343384383887746,0.1996184623652527,0.314172372094357,0.026473129376038164,0.04397675735937255,0.007284376822272481,0.009801307412259307,0.0030396572187121754
20190201,0.20648385086363633,0.9937890407798052,0.32687823577128494,0.24463353215019135,0.3129497633415803,0.03342869628853027,0.059729497190929806,0.005713293342110523,0.008090181121399281,0.0023658415737787125
20190202,0.505118933409091,0.9072088873101253,0.27809562575156116,0.2213016909657285,0.30852276563393277,0.028972321562483583,0.04787381279802169,0.00959134592277163,0.010026846939027341,0.002824477736598899
20190203,0.4958596695568182,0.838959168798431,0.2639649525725625,0.19821215838961317,0.24640610797730356,0.020630863288127684,0.09134580818842851,0.006987672017753973,0.008895771619620628,0.002515834745020932
20190204,0.658101713181818,0.8486114201410303,0.2599272360166369,0.21157636511407285,0.26908045411929654,0.026563113490029044,0.05099920333940493,0.011537796440165357,0.015121944532628781,0.003805307088795885
20190205,0.5100620265431818,0.9760323171562137,0.2606936323942987,0.26684914984565505,0.329787040530066,0.025464127693543413,0.06288714440910342,0.01167705825145051,0.0129084630401293,0.005765700991967503
20190206,0.5188490372045454,0.8480904336481317,0.27007889535014346,0.20050860055614456,0.28863779468903644,0.024080140409719335,0.0464617727551888,0.005674335005192795,0.009127154173208793,0.0035217407094976236
20190209,0.2686860638082727,0.9435868050947216,0.29829783778946906,0.22638187740154883,0.3167236913977249,0.0315436636179763,0.05075793900971328,0.00651528999265225,0.010186012852989278,0.003180493032647623
20190210,0.528612864090909,0.9245183850031358,0.2975637311029626,0.2298213327980133,0.29839797125149686,0.028630854408829447,0.04965309579063215,0.007677363016133556,0.009722962174404437,0.003051074460663537
20190211,0.09853524213636361,0.9509015161766858,0.3293857532043844,0.2166250754633059,0.30727822514964115,0.0347336415271705,0.04366212612618011,0.0061453964531890575,0.009526213998771082,0.0035450842540440727
20190212,0.012541830977272718,0.9652071075146532,0.3231368839812013,0.23550103419871482,0.3171370728197729,0.03057978816775472,0.04019137319769174,0.0055743872980302134,0.00962104289097049,0.003465524960517043
20190213,-0.11306259906976747,1.090461406608773,0.3275117874164473,0.3638974981271612,0.31394879690901256,0.02398787963273464,0.043078151705230765,0.006214789673292266,0.00864438395856971,0.0031781191863244763
20190214,-0.6041924740000001,1.317914448157141,0.3163946122992415,0.5774712664108967,0.3265698352998239,0.03293454287996055,0.04152777018798477,0.005796256510424474,0.0132598752243345,0.0039602893444745015
20190215,0.08917543777777777,0.9975731392495315,0.3298334527215612,0.24853158620934904,0.3118423112143819,0.029457898089842536,0.05734619503589714,0.006828436546015176,0.010730398346316013,0.0030028610861684945
20190217,0.5631666219333333,0.878613779611572,0.28193446260824034,0.2025820786537446,0.296466941459061,0.028398048474265834,0.04684216974124277,0.008895846323336213,0.009787199943453388,0.003707032408227987
20190218,0.13816629555555554,0.9020582531156722,0.3122321821203813,0.1881240297178223,0.3128526799589676,0.026942304399394584,0.044070843265736175,0.005095062957760607,0.010032247266644525,0.002708903428965334
20190219,0.13883491431111103,0.9208741361258365,0.3242721847563904,0.19010849910208874,0.3028879350912669,0.028490715445401302,0.05474894014148812,0.005917024565389555,0.011580937838447092,0.002867899185364323
20190220,0.20054867879999994,0.9505146866198074,0.32351064351324554,0.2080869511055206,0.3232102229830851,0.027584645197888905,0.04749816720636279,0.005355441924079368,0.01155914135894634,0.003709473330678625
20190221,0.14543770800000008,0.951477992515621,0.31637449198200635,0.20511735722221372,0.32965811080873125,0.027993244671136668,0.0503919949905201,0.005363152268047262,0.012235680900334962,0.00434395967263063
20190224,0.41581150382222204,1.0098579731020363,0.30973114231557086,0.23346593865079734,0.3592497588950421,0.029596098696868727,0.05658352087673684,0.006887830692758826,0.009788426059897978,0.00455525691436368
20190225,0.18630821468181819,0.9499255237894483,0.3223736635242663,0.19823271338341403,0.3275887455433751,0.03263971123752655,0.04833250320206355,0.0069673562063440565,0.00956800182129438,0.004222828871164517
20190226,0.041642249454545484,0.9688641513149281,0.3253490418785297,0.20223951319283295,0.3437534839029421,0.03283911450639198,0.044933792588535484,0.006518310433396898,0.009678029014356866,0.0035528657979418984
20190227,0.03876779334090909,0.9812361370262516,0.33079388053818076,0.20273506671966782,0.353218231215397,0.031401085573771484,0.04310024625875482,0.006243990984535246,0.009953521398447357,0.0037901143374970783
20190228,0.03842520159090911,1.0439089498100713,0.34662998320488764,0.22557783878379892,0.365809450571894,0.031877226781870605,0.05354908877968188,0.00465460103368674,0.012412449427008324,0.0033983112272428693
20190301,-0.03257964931818184,1.055754717206179,0.3066167558323006,0.23912861141302166,0.3749017618832955,0.03427372832036523,0.07569880667301057,0.006176145085512024,0.014819849141733343,0.004139058856940294
20190302,0.3627694227727271,1.0031890532277472,0.29389165952884955,0.22884216526413534,0.36163653088900155,0.030054119031227282,0.06590822291560905,0.007578998175346978,0.01084132330943198,0.004436034114145355
20190303,0.5446680109772728,0.9620369755924921,0.2905632422243502,0.21340283533533905,0.3435060049391645,0.030251203614825764,0.061598350238529075,0.006575923588304325,0.010975586638890283,0.005163829013089099
20190304,0.2369636149659092,1.0055625656553033,0.32453716710489244,0.20311222397585746,0.35244362435143634,0.03062138594999973,0.06890627405644704,0.007465906319194673,0.014169682391295882,0.004306301506180091
20190305,0.15428943788636365,1.002463158212042,0.33075779981295655,0.2009701035794841,0.33570683622754216,0.026680418657497908,0.087270979450083,0.006251672887953661,0.011785955710458462,0.0030393918860659695
20190306,0.10560763909772729,1.0140565511740531,0.3291071291183436,0.20764420972619022,0.34016239742645576,0.031602471821100105,0.08376362738962154,0.005612835401462941,0.013076190869487006,0.003087689421392333
20190307,0.233098766125,1.019529416829097,0.33937918306273174,0.22253616055133232,0.3479363672951221,0.033171460987833114,0.05645823352701421,0.005071637773320402,0.011369857552149518,0.003606516079593091
20190311,0.09905971764444445,1.0044741839658362,0.3469763252603524,0.22092237106165152,0.32819051430159923,0.030166664498610288,0.05724587969018989,0.006690566929997377,0.011079765985528074,0.0032020962379073286
20190312,0.08566106000000002,1.0365820943944357,0.35120011483372937,0.23864937217658141,0.3259623139657997,0.027432839551276452,0.07220984652872206,0.0058634013100114174,0.011065587949276708,0.004198618079038612
20190313,-0.11476396570454545,1.180475912581616,0.3483054145720846,0.3865234175035236,0.34481106558791264,0.0329050045812408,0.04578737075362074,0.005505682340996505,0.011745351215360479,0.004892606026876588
20190314,-0.8339591073636363,1.5210551300701505,0.34048093502390436,0.7321414049466779,0.34295199255660136,0.027162809055076006,0.05483295887969813,0.0055812814954937055,0.01148271069995924,0.006421037412739622
20190315,-0.1344357193866667,1.142830646833236,0.3478185463735457,0.2721874348012921,0.3314926888037764,0.023730341507397442,0.14629924518119283,0.006479058609247121,0.010413841499700628,0.004409490057083787
20190316,0.23246932951111113,1.045818564956137,0.31634442110884264,0.2519805430898589,0.36597285334483626,0.03046422744067921,0.05809442112154479,0.005856800961468863,0.0120270180456072,0.005078279843299685
20190317,0.41533477228888893,0.9867771248029796,0.3141515458549999,0.2319309175651825,0.34007285752718913,0.028579699570245684,0.05144942801608599,0.006331780359759956,0.010360908597501257,0.0038999873120151287
20190319,0.016774279272727264,1.0198316968843713,0.34326513390161195,0.20916560385906505,0.37044494780777454,0.03250757573630614,0.047616042760519034,0.004480405538115509,0.008978137498480832,0.003373849782497808
20190320,-0.22107888222727265,1.1113207635142575,0.35224162703270034,0.207830221540819,0.3275560763628459,0.023315677665754313,0.18250048525748203,0.004818086185490349,0.010169748667967625,0.002888840801197864
20190321,0.1667338676818182,0.9999820274704825,0.3458112951437736,0.21513901257604234,0.34262997278656643,0.028937112195679113,0.04650879699218005,0.005803590365019372,0.012053081542287809,0.0030991658689335996
20190322,0.11397791775000003,1.045487740295159,0.3545435451001441,0.23787396696896768,0.3530315605220242,0.028618189941047187,0.051073291089212575,0.005901084895862786,0.010482823565831086,0.003963278212069359
20190323,0.18642898102045455,1.0945839470559091,0.33083941735221967,0.2442693324435346,0.3488938539574566,0.031521734278641474,0.11521282726759753,0.006927208600060567,0.013383413589435393,0.003536159566963161
20190324,0.4158436633863637,1.0324014888519357,0.33053269310945194,0.24221930086537696,0.35098562205044503,0.031250561930696835,0.05684825659202183,0.005953398292012727,0.009074865605288246,0.005536790406641687
20190326,0.05206837138636364,1.0356245895865812,0.34664630318451556,0.2249728855079692,0.36750155034378024,0.030168202663101773,0.04715267738812154,0.00560757654863026,0.010318592043403435,0.003256801907059055
20190327,0.059970828044444466,1.0280385556570473,0.35088949666186675,0.22108450886805286,0.3560515909453049,0.02627419075836573,0.052244527750939865,0.005978658522026236,0.011347286066843721,0.004168296083647042
20190328,0.03960251068181819,1.0466909781046339,0.35347811540081187,0.22301992395263215,0.37105918740650684,0.03170832679617411,0.05012981118673156,0.005503533622080354,0.008078727946702611,0.0037133517929938548
20190329,-0.0689347565909091,1.0908021527566338,0.35570163541230954,0.23890304293624676,0.39082771974348246,0.027822015453223006,0.056806114414568766,0.005806229979581183,0.010842407437769212,0.004092987379452721
20190330,0.22867829622727268,1.049199596244278,0.31965354769899884,0.2270241655886485,0.3279242370791212,0.029363838661264765,0.12250394379289399,0.006530726045784631,0.012630714721636358,0.0035684226559298013
20190331,0.5450333176363636,0.9584904235423117,0.3143595243875813,0.21949851266322676,0.3217781408222658,0.02888004568792883,0.051797489847641334,0.006163414753833834,0.01200617752675014,0.004007117853083827
