 MEDIAN ," 1,024,712 ",,,,,,,,,,,,,,,,,,,,,,,,,,,,,,,,,,,,,,,,,,,,,,,,,,,,,,,,,,,,,,,,,,,,,,,,,,,,,,,,,,,,,,,,,,,,,,,,,,,,,,,,,,,,,,,,,,,,,,,,,,,,,,,,,,,,,,,,,,,,,,,,,,,,,,,,,,,,,,,,,,,,,,,,,,,,,,,,,,,,,,,,,,,,,,,,,,,,,,,,,,,,,,,,,,,,,,,,,,,,,,,,,,,,,,,,,,,,,,,,,,,,,,,,,,,,,,,,,,,,,,,,,,,,,,,,,,,,,,,,,,,,,,,,,,,,,,,,,,,,,,,,,,,,,,,,,,,,,,,,,,,,,,,,,,,,,,,,,,,,,,,,,,,,,,,,,,,,,,,,,,,,,,,
,,,,,,,,,,,,1,,,,,,,,,,,,,,,,,,,,,,,,,,,,,,,,,,,,,,,,,,,,,,,,,,,,,,,,,,,,,,,,,,,,,,,,,,,,,,,,,,,,,,,,,,,,,,,,,,,,,,,,,,,,,,,,,,,,,,,,,,,,,,,,,,,,,,,,,,,,,,,,,,,,,,,,,,,,,,,,,,,,,,,,,,,,,,,,,,,,,,,,,,,,,,,,,,,,,,,,,,,,,,,,,,,,,,,,,,,,,,,,,,,,,,,,,,,,,,,,,,,,,,,,,,,,,,,,,,,,,,,,,,,,,,,,,,,,,,,,,,,,,,,,,,,,,,,,,,,,,,,,,,,,,,,,,,,,,,,,,,,,,,,,,,,,,,,,,,,,,,,,,,,,,,,,,,,,
,,,,,,,,,,,,,,,,,,,,,,,,,,,,,,,,,,,,,,,,,,,,,,,,,,,,,,,,,,,,,,,,,,,,,,,,,,,,,,,,,,,,,,,,,,,,,,,,,,,,,,,,,,,,,,,,,,,,,,,,,,,,,,,,,,,,,,,,,,,,,,,,,,,,,,,,,,,,,,,,,,,,,,,,,,,,,,,,,,,,,,,,,,,,,,,,,,,,,,,,,,,,,,,,,,,,,,,,,,,,,,,,,,,,,,,,,,,,,,,,,,,,,,,,,,,,,,,,,,,,,,,,,,,,,,,,,,,,,,,,,,,,,,,,,,,,,,,,,,,,,,,,,,,,,,,,,,,,,,,,,,,,,,,,,,,,,,,,,,,,,,,,,,,,,,,,,,,,,,,,,,,,,,,,
ADMD_NM,20180401,20180402,20180403,20180404,20180405,20180406,20180407,20180408,20180409,20180410,20180411,20180412,20180413,20180414,20180415,20180416,20180417,20180418,20180419,20180420,20180421,20180422,20180423,20180424,20180425,20180426,20180427,20180428,20180429,20180430,20180501,20180502,20180503,20180504,20180505,20180506,20180507,20180508,20180509,20180510,20180511,20180512,20180513,20180514,20180515,20180516,20180517,20180518,20180519,20180520,20180521,20180522,20180523,20180524,20180525,20180526,20180527,20180528,20180529,20180530,20180531,20180601,20180602,20180603,20180604,20180605,20180606,20180607,20180608,20180609,20180610,20180611,20180612,20180613,20180614,20180615,20180616,20180617,20180618,20180619,20180620,20180621,20180622,20180623,20180624,20180625,20180626,20180627,20180628,20180629,20180630,20180701,20180702,20180703,20180704,20180705,20180706,20180707,20180708,20180709,20180710,20180711,20180712,20180713,20180714,20180715,20180716,20180717,20180718,20180719,20180720,20180721,20180722,20180723,20180724,20180725,20180726,20180727,20180728,20180729,20180730,20180731,20180801,20180802,20180803,20180804,20180805,20180806,20180807,20180808,20180809,20180810,20180811,20180812,20180813,20180814,20180815,20180816,20180817,20180818,20180819,20180820,20180821,20180822,20180823,20180824,20180825,20180826,20180827,20180828,20180829,20180830,20180831,20180901,20180902,20180903,20180904,20180905,20180906,20180907,20180908,20180909,20180910,20180911,20180912,20180913,20180914,20180915,20180916,20180917,20180918,20180919,20180920,20180921,20180922,20180923,20180924,20180925,20180926,20180927,20180928,20180929,20180930,20181001,20181002,20181003,20181004,20181005,20181006,20181007,20181008,20181009,20181010,20181011,20181012,20181013,20181014,20181015,20181016,20181017,20181018,20181019,20181020,20181021,20181022,20181023,20181024,20181025,20181026,20181027,20181028,20181029,20181030,20181031,20181101,20181102,20181103,20181104,20181105,20181106,20181107,20181108,20181109,20181110,20181111,20181112,20181113,20181114,20181115,20181116,20181117,20181118,20181119,20181120,20181121,20181122,20181123,20181124,20181125,20181126,20181127,20181128,20181129,20181130,20181201,20181202,20181203,20181204,20181205,20181206,20181207,20181208,20181209,20181210,20181211,20181212,20181213,20181214,20181215,20181216,20181217,20181218,20181219,20181220,20181221,20181222,20181223,20181224,20181225,20181226,20181227,20181228,20181229,20181230,20181231,20190101,20190102,20190103,20190104,20190105,20190106,20190107,20190108,20190109,20190110,20190111,20190112,20190113,20190114,20190115,20190116,20190117,20190118,20190119,20190120,20190121,20190122,20190123,20190124,20190125,20190126,20190127,20190128,20190129,20190130,20190131,20190201,20190202,20190203,20190204,20190205,20190206,20190207,20190208,20190209,20190210,20190211,20190212,20190213,20190214,20190215,20190216,20190217,20190218,20190219,20190220,20190221,20190222,20190223,20190224,20190225,20190226,20190227,20190228,20190301,20190302,20190303,20190304,20190305,20190306,20190307,20190308,20190309,20190310,20190311,20190312,20190313,20190314,20190315,20190316,20190317,20190318,20190319,20190320,20190321,20190322,20190323,20190324,20190325,20190326,20190327,20190328,20190329,20190330,20190331,,,
서울특별시,101.2%,109.5%,109.7%,108.9%,103.9%,109.7%,105.3%,109.1%,104.9%,113.5%,110.6%,112.1%,117.5%,107.6%,103.9%,107.2%,111.5%,111.8%,114.4%,121.3%,123.3%,111.5%,102.2%,110.3%,116.2%,116.5%,120.1%,116.0%,108.5%,117.3%,111.8%,108.5%,113.2%,120.3%,114.6%,102.6%,102.7%,112.3%,112.9%,112.2%,120.8%,107.9%,112.8%,111.8%,121.3%,110.9%,106.5%,114.3%,123.5%,109.7%,113.4%,112.4%,109.8%,115.0%,119.9%,124.4%,117.6%,116.0%,118.2%,119.0%,120.4%,123.9%,126.2%,114.6%,114.4%,121.4%,114.1%,117.2%,119.3%,132.2%,111.7%,115.1%,118.1%,114.7%,113.5%,120.4%,123.2%,114.1%,129.3%,114.3%,118.9%,119.7%,124.8%,134.8%,116.1%,117.2%,104.5%,121.6%,118.2%,120.8%,124.8%,94.7%,101.4%,116.6%,119.0%,116.5%,118.4%,117.0%,112.2%,103.2%,108.8%,112.1%,118.4%,121.2%,122.4%,112.4%,115.5%,116.9%,118.3%,120.8%,124.2%,123.3%,118.6%,120.6%,122.5%,122.1%,121.3%,123.3%,120.5%,110.0%,119.3%,123.4%,130.8%,126.5%,128.3%,119.4%,109.3%,119.3%,118.2%,121.4%,121.8%,127.3%,122.6%,119.1%,119.8%,127.0%,121.7%,120.7%,124.3%,121.0%,112.8%,116.4%,118.0%,126.0%,126.1%,114.5%,122.0%,119.5%,110.9%,117.0%,114.2%,122.2%,128.5%,128.7%,113.7%,113.7%,118.6%,130.6%,123.1%,129.1%,127.0%,120.8%,123.7%,121.7%,126.7%,124.8%,130.8%,125.3%,114.8%,119.7%,122.9%,126.6%,117.9%,121.5%,113.1%,113.7%,117.3%,107.3%,103.2%,113.4%,116.9%,122.2%,109.3%,110.2%,118.7%,115.7%,118.6%,116.5%,110.4%,114.5%,116.7%,106.9%,110.0%,112.2%,118.2%,116.2%,115.8%,114.4%,115.9%,114.7%,116.2%,121.4%,121.1%,114.1%,113.4%,118.5%,115.4%,116.9%,117.5%,115.0%,110.6%,107.6%,109.3%,114.1%,113.9%,116.8%,118.6%,109.8%,110.2%,114.4%,115.7%,109.7%,129.8%,137.1%,151.7%,113.7%,111.4%,112.3%,109.0%,111.3%,107.3%,99.5%,101.8%,103.1%,105.3%,103.6%,107.4%,105.8%,102.5%,104.1%,104.2%,104.7%,104.3%,108.8%,107.3%,99.9%,104.4%,104.0%,101.9%,105.2%,104.3%,100.4%,98.4%,101.4%,104.2%,104.0%,102.3%,106.9%,106.5%,96.1%,101.4%,103.6%,105.0%,108.3%,109.4%,107.5%,99.9%,99.4%,91.5%,96.1%,96.3%,98.6%,94.7%,88.7%,97.4%,87.5%,90.3%,94.9%,99.0%,94.1%,88.0%,94.9%,95.4%,96.4%,98.0%,102.7%,98.7%,94.2%,97.9%,100.4%,98.8%,103.5%,107.1%,100.0%,90.4%,99.2%,96.2%,102.6%,98.4%,104.1%,96.5%,95.4%,102.4%,96.8%,101.1%,120.6%,100.7%,89.4%,84.7%,82.5%,92.9%,82.8%,90.8%,96.0%,94.8%,90.8%,97.1%,100.2%,112.9%,138.0%,102.9%,96.6%,88.6%,93.9%,97.1%,100.2%,99.6%,105.0%,105.0%,99.8%,98.3%,101.1%,102.5%,108.0%,104.9%,99.2%,95.0%,103.1%,104.3%,106.6%,105.6%,108.3%,110.3%,103.1%,103.1%,108.6%,120.8%,159.6%,120.1%,104.1%,97.5%,100.9%,105.8%,118.8%,104.6%,107.6%,109.0%,99.9%,103.3%,106.7%,106.7%,108.8%,111.8%,106.2%,93.3%,,,
가회동,74.1%,85.6%,98.2%,106.0%,85.6%,92.4%,87.0%,110.7%,85.0%,86.3%,96.0%,101.4%,101.7%,86.1%,84.7%,105.2%,93.2%,83.9%,93.0%,104.8%,126.9%,87.5%,68.6%,76.9%,103.3%,90.4%,107.7%,105.4%,94.3%,150.2%,118.7%,108.7%,117.7%,125.1%,116.5%,89.0%,95.3%,98.8%,112.4%,104.9%,128.4%,96.5%,98.9%,103.4%,120.7%,97.2%,99.3%,111.1%,145.1%,111.4%,118.1%,139.7%,111.2%,131.2%,129.4%,137.1%,116.6%,118.3%,116.9%,124.5%,133.4%,130.1%,141.7%,104.8%,102.7%,126.4%,106.7%,111.5%,117.0%,157.3%,110.3%,100.0%,107.3%,117.7%,111.7%,123.5%,135.7%,117.7%,125.1%,117.6%,124.1%,126.8%,144.3%,137.9%,120.8%,121.6%,94.4%,133.1%,130.4%,132.1%,142.8%,86.9%,100.0%,125.3%,146.3%,135.6%,124.7%,127.3%,102.4%,105.1%,107.9%,110.5%,126.3%,125.4%,129.9%,103.0%,114.6%,136.5%,119.2%,127.7%,125.9%,124.3%,104.1%,114.1%,129.7%,128.8%,132.7%,126.6%,119.0%,113.7%,120.5%,116.6%,146.0%,132.3%,144.3%,129.8%,114.3%,126.9%,121.8%,128.1%,115.3%,147.2%,128.6%,115.7%,123.9%,135.9%,129.6%,123.1%,130.7%,119.1%,106.4%,128.6%,122.3%,145.4%,125.9%,122.5%,138.3%,107.7%,107.1%,117.7%,114.5%,117.4%,141.8%,131.4%,113.6%,107.6%,115.8%,130.2%,111.9%,120.0%,135.3%,114.6%,119.3%,117.0%,136.7%,132.9%,125.5%,139.4%,114.2%,119.6%,117.1%,138.1%,103.6%,108.9%,114.7%,109.4%,115.8%,112.0%,106.3%,107.2%,108.6%,128.7%,110.9%,125.2%,129.8%,134.5%,144.4%,126.4%,107.7%,112.7%,103.9%,106.3%,107.4%,116.1%,132.0%,128.0%,98.8%,115.1%,116.1%,126.5%,129.4%,140.3%,137.9%,118.9%,113.6%,120.5%,116.1%,116.6%,130.5%,125.8%,120.9%,110.6%,114.9%,127.3%,122.8%,134.1%,122.4%,106.5%,113.0%,119.0%,123.1%,104.8%,140.9%,139.9%,123.9%,110.5%,110.0%,115.1%,115.2%,124.5%,121.0%,99.0%,99.3%,103.1%,107.4%,106.0%,116.3%,128.9%,97.6%,91.0%,101.8%,109.6%,103.0%,109.4%,115.9%,95.7%,86.4%,87.4%,104.9%,97.8%,104.8%,106.5%,88.9%,105.8%,102.9%,104.0%,98.5%,115.8%,100.9%,93.2%,96.8%,104.7%,111.6%,111.8%,109.3%,99.5%,85.7%,99.1%,80.6%,103.7%,85.6%,101.1%,91.4%,87.8%,104.7%,77.6%,94.2%,90.7%,88.6%,81.0%,76.5%,90.3%,94.0%,93.1%,90.5%,108.0%,89.1%,79.8%,84.4%,90.9%,98.9%,93.9%,113.9%,98.2%,68.4%,87.2%,94.8%,100.4%,90.1%,100.8%,87.1%,83.5%,92.5%,88.0%,93.2%,413.8%,80.7%,70.2%,57.6%,74.4%,76.7%,71.6%,84.2%,97.1%,79.9%,77.7%,97.9%,99.8%,109.4%,120.9%,116.1%,99.6%,72.3%,83.2%,71.9%,90.8%,80.1%,93.2%,100.4%,78.2%,83.0%,92.8%,81.6%,103.2%,105.1%,87.1%,87.4%,95.8%,81.8%,101.0%,94.8%,103.2%,119.7%,108.3%,89.0%,98.1%,122.0%,137.5%,123.4%,102.7%,101.5%,99.2%,103.4%,138.1%,97.2%,106.9%,137.3%,98.8%,97.9%,104.7%,127.3%,105.8%,119.7%,125.1%,103.7%,,,
공릉1동,67.2%,73.1%,70.3%,73.6%,73.0%,73.3%,72.6%,75.0%,71.9%,75.2%,73.6%,74.6%,73.0%,70.8%,71.4%,71.4%,72.4%,73.9%,74.3%,73.9%,75.4%,75.2%,75.2%,73.0%,79.9%,76.8%,76.7%,77.8%,71.8%,76.9%,78.2%,78.2%,75.7%,76.5%,74.1%,64.4%,71.7%,79.4%,75.7%,73.8%,74.2%,73.5%,74.3%,76.8%,83.3%,78.5%,75.6%,78.5%,91.0%,82.6%,77.1%,75.6%,72.2%,74.9%,74.2%,79.1%,77.5%,76.8%,76.1%,75.2%,80.1%,79.4%,81.1%,73.2%,75.9%,76.9%,75.2%,77.0%,79.1%,80.3%,72.8%,78.4%,77.6%,73.1%,77.7%,81.7%,78.2%,76.0%,86.4%,72.9%,76.5%,81.8%,81.2%,85.0%,72.0%,81.0%,71.3%,78.2%,75.5%,77.1%,85.7%,68.5%,69.4%,77.9%,75.5%,76.7%,77.1%,73.4%,72.3%,73.8%,68.2%,73.2%,77.0%,77.0%,76.1%,75.2%,77.7%,74.6%,78.2%,76.6%,81.6%,77.3%,74.9%,85.8%,83.1%,80.0%,79.7%,82.2%,79.1%,73.7%,77.9%,81.6%,84.7%,82.0%,83.4%,74.1%,75.4%,78.8%,74.1%,84.0%,81.2%,85.0%,80.7%,80.7%,82.2%,78.6%,76.3%,83.1%,82.0%,73.2%,75.3%,77.4%,81.4%,83.1%,87.1%,74.4%,79.1%,79.4%,82.9%,85.1%,80.8%,78.8%,84.9%,87.0%,79.7%,82.8%,80.4%,84.9%,82.3%,77.6%,85.9%,77.7%,83.1%,80.7%,86.6%,81.5%,83.2%,83.5%,78.1%,81.5%,81.9%,83.0%,81.1%,77.8%,76.0%,68.3%,70.3%,64.2%,71.6%,84.4%,77.2%,82.6%,76.1%,76.4%,78.7%,72.8%,78.0%,82.0%,75.5%,77.3%,78.8%,72.5%,79.2%,79.6%,81.7%,80.1%,80.1%,82.5%,78.2%,79.8%,78.3%,82.9%,82.4%,77.6%,79.6%,84.4%,77.6%,76.9%,83.2%,78.6%,76.5%,73.5%,75.0%,79.4%,77.6%,78.8%,79.4%,77.0%,75.8%,80.7%,78.2%,82.8%,94.5%,97.0%,118.6%,80.5%,79.4%,79.4%,76.7%,77.2%,72.0%,71.8%,78.8%,75.9%,73.7%,70.2%,73.7%,77.6%,72.3%,76.7%,75.8%,75.0%,73.7%,78.0%,76.4%,73.8%,77.7%,73.1%,74.2%,76.1%,77.6%,72.7%,71.3%,75.8%,79.2%,78.0%,73.5%,80.0%,74.5%,73.8%,79.2%,73.5%,71.9%,74.1%,74.4%,77.4%,67.0%,67.0%,63.1%,69.9%,64.4%,70.2%,65.7%,63.7%,67.7%,55.3%,61.4%,63.0%,68.6%,66.6%,62.5%,67.3%,71.4%,67.7%,66.2%,72.5%,70.9%,66.4%,72.1%,67.2%,66.2%,71.4%,69.3%,66.6%,63.5%,75.3%,69.2%,87.8%,67.0%,72.7%,67.4%,66.4%,67.1%,67.7%,79.4%,70.4%,66.3%,59.8%,57.2%,51.8%,59.8%,56.6%,62.1%,68.6%,67.7%,62.9%,69.4%,73.7%,86.4%,97.8%,76.2%,68.1%,64.4%,65.3%,67.3%,70.1%,66.0%,71.2%,70.7%,69.1%,67.9%,66.9%,70.9%,70.8%,67.1%,70.2%,67.4%,74.5%,75.6%,74.8%,73.8%,73.9%,73.7%,73.8%,74.9%,82.1%,86.4%,122.0%,86.5%,72.6%,68.9%,69.5%,74.8%,80.8%,70.0%,74.8%,77.6%,66.0%,72.0%,73.2%,71.1%,75.8%,72.3%,73.3%,63.0%,,,
공릉2동,85.4%,75.8%,79.9%,81.5%,78.4%,79.9%,85.7%,92.2%,77.7%,84.6%,82.9%,82.0%,89.1%,90.0%,91.7%,79.7%,83.2%,86.9%,86.9%,96.2%,101.5%,100.6%,84.8%,92.4%,93.2%,90.4%,92.6%,93.9%,92.9%,87.2%,83.2%,82.8%,87.2%,86.7%,82.7%,77.8%,84.6%,90.0%,86.2%,83.8%,86.9%,84.3%,89.4%,81.9%,92.6%,84.7%,84.4%,92.6%,95.3%,86.2%,85.1%,85.2%,81.1%,84.1%,84.4%,95.4%,99.9%,86.7%,88.4%,88.9%,88.0%,85.5%,101.3%,99.9%,85.5%,90.5%,89.9%,90.6%,88.1%,99.2%,93.5%,86.0%,87.1%,92.7%,86.7%,90.2%,102.5%,96.9%,98.0%,85.5%,87.3%,88.0%,87.2%,110.9%,90.2%,83.1%,76.0%,86.6%,81.6%,85.0%,92.2%,78.7%,75.9%,81.7%,83.2%,82.0%,83.1%,86.7%,91.1%,77.3%,75.6%,75.0%,78.6%,81.6%,93.7%,86.8%,76.3%,78.3%,80.7%,81.9%,81.4%,95.0%,92.4%,78.7%,82.6%,84.4%,85.6%,80.7%,96.3%,86.2%,81.4%,85.7%,88.1%,83.3%,86.8%,83.3%,82.6%,78.7%,75.7%,80.9%,82.2%,88.2%,86.0%,93.5%,82.8%,86.3%,85.8%,81.9%,86.4%,90.1%,84.1%,79.3%,76.7%,86.7%,92.8%,80.0%,85.1%,89.8%,80.0%,81.6%,77.5%,87.4%,90.3%,101.2%,92.7%,82.3%,87.7%,84.6%,83.6%,88.8%,100.4%,98.6%,85.1%,85.3%,90.3%,88.4%,89.0%,98.8%,96.1%,88.9%,88.9%,97.4%,86.6%,85.9%,86.3%,85.4%,91.1%,84.3%,83.5%,84.9%,86.9%,97.4%,96.2%,85.7%,88.4%,99.2%,86.5%,86.2%,90.5%,97.4%,86.7%,94.4%,83.7%,81.9%,88.9%,90.6%,101.3%,88.7%,85.1%,86.1%,85.5%,89.9%,102.1%,93.7%,89.7%,90.1%,89.2%,94.7%,84.7%,90.8%,96.2%,84.2%,84.1%,83.9%,81.1%,85.5%,95.1%,89.7%,84.1%,87.0%,93.0%,86.3%,95.1%,105.4%,135.1%,88.9%,80.9%,85.1%,81.8%,82.7%,83.3%,86.7%,77.9%,79.5%,76.2%,78.2%,78.7%,90.5%,92.9%,81.4%,81.4%,77.9%,80.3%,82.4%,89.9%,86.4%,83.8%,104.9%,80.8%,82.6%,83.6%,82.6%,92.0%,73.3%,88.6%,82.9%,82.8%,79.2%,85.8%,85.5%,79.9%,81.2%,76.2%,77.9%,76.8%,82.4%,83.0%,72.5%,67.4%,65.0%,62.6%,71.4%,66.9%,65.6%,69.9%,66.7%,59.5%,66.3%,68.3%,68.7%,75.2%,65.1%,69.5%,66.5%,70.0%,70.8%,73.6%,80.7%,71.1%,70.3%,68.3%,72.8%,76.1%,89.5%,75.2%,68.7%,67.2%,67.5%,68.3%,72.2%,78.1%,79.6%,70.2%,72.4%,70.8%,71.5%,69.6%,68.2%,64.8%,64.6%,78.0%,65.2%,63.6%,70.4%,76.9%,75.5%,67.0%,69.9%,81.5%,98.9%,76.9%,73.4%,71.5%,71.1%,71.1%,69.5%,69.2%,72.5%,82.2%,81.2%,70.2%,68.4%,71.6%,72.7%,75.9%,76.3%,78.2%,84.0%,77.7%,75.6%,75.0%,79.0%,83.8%,84.2%,73.1%,80.3%,89.3%,107.6%,82.8%,76.4%,77.5%,70.3%,72.8%,83.1%,74.4%,78.5%,81.4%,86.1%,70.3%,72.5%,72.7%,75.5%,78.9%,76.5%,76.0%,,,
교남동,88.0%,78.0%,82.8%,73.0%,73.2%,67.6%,89.1%,91.8%,63.9%,78.0%,72.8%,88.9%,94.7%,75.8%,92.5%,87.7%,82.8%,85.3%,76.4%,79.9%,95.5%,86.7%,68.2%,84.4%,84.8%,85.0%,87.0%,92.2%,79.7%,85.4%,78.6%,74.8%,90.4%,90.2%,84.0%,85.5%,94.4%,97.4%,76.4%,80.2%,95.8%,103.8%,100.3%,73.2%,86.8%,92.7%,78.6%,89.1%,99.9%,84.9%,87.6%,88.7%,92.5%,95.7%,95.6%,107.2%,109.6%,88.0%,83.1%,103.7%,107.0%,98.0%,102.8%,94.6%,69.0%,98.2%,98.2%,91.6%,101.8%,107.1%,102.9%,74.3%,81.2%,105.3%,71.5%,97.0%,100.5%,109.3%,135.2%,95.7%,98.4%,84.6%,103.4%,137.6%,108.5%,107.5%,79.2%,99.2%,108.0%,100.3%,115.6%,105.4%,114.7%,116.2%,104.7%,82.9%,114.8%,121.5%,110.8%,94.6%,96.6%,86.7%,108.1%,101.7%,97.7%,113.3%,98.5%,82.6%,93.0%,102.4%,101.8%,120.7%,106.4%,104.2%,116.5%,110.6%,100.1%,101.9%,101.3%,96.0%,100.4%,111.6%,119.4%,97.2%,107.3%,115.5%,120.0%,94.5%,99.1%,96.7%,102.4%,105.2%,122.2%,109.0%,109.2%,106.1%,99.9%,83.4%,115.3%,119.5%,102.9%,94.4%,105.1%,106.3%,116.8%,95.6%,131.7%,113.0%,106.6%,102.5%,114.8%,91.5%,123.8%,120.6%,105.2%,99.1%,86.4%,91.4%,116.0%,112.4%,128.5%,96.1%,98.5%,122.8%,99.5%,110.1%,114.0%,129.2%,112.6%,103.3%,103.0%,98.0%,103.5%,108.5%,95.4%,100.6%,98.4%,88.3%,90.5%,92.7%,104.7%,118.1%,119.5%,82.2%,91.4%,105.8%,95.8%,90.1%,101.4%,110.0%,94.4%,105.9%,82.4%,104.0%,113.4%,103.7%,104.3%,95.7%,101.8%,103.1%,107.8%,104.9%,115.6%,109.7%,89.5%,101.5%,93.9%,98.5%,95.4%,108.6%,108.3%,85.5%,101.5%,99.2%,88.3%,96.5%,118.3%,111.7%,91.1%,99.9%,102.8%,76.2%,107.4%,114.8%,127.5%,85.3%,93.2%,98.7%,84.6%,104.3%,99.2%,109.5%,85.9%,86.9%,74.3%,85.6%,87.2%,111.9%,114.1%,89.6%,90.6%,93.3%,81.9%,94.6%,102.2%,102.1%,83.0%,79.8%,84.4%,90.5%,76.8%,113.5%,98.0%,94.1%,90.1%,84.4%,108.6%,85.5%,110.6%,101.6%,86.6%,85.0%,90.8%,89.3%,84.6%,101.1%,86.8%,100.8%,105.3%,79.4%,69.2%,89.7%,96.6%,103.2%,103.8%,77.3%,101.2%,80.7%,90.1%,87.2%,92.7%,85.3%,77.1%,91.2%,76.9%,98.2%,119.6%,82.9%,92.7%,103.4%,82.6%,86.5%,101.1%,90.2%,90.7%,82.7%,84.5%,79.4%,73.7%,94.3%,98.8%,92.5%,89.5%,82.2%,77.4%,89.5%,91.0%,79.3%,79.1%,75.2%,77.2%,91.1%,83.6%,80.5%,97.1%,95.8%,91.0%,82.3%,97.8%,113.5%,96.2%,97.9%,84.5%,84.6%,73.3%,90.2%,86.9%,96.0%,106.7%,98.6%,91.6%,98.7%,85.2%,106.5%,117.5%,93.3%,101.5%,83.7%,91.6%,91.0%,78.7%,91.6%,112.2%,102.2%,85.2%,77.6%,80.9%,127.6%,101.7%,97.6%,101.0%,93.9%,85.3%,97.3%,85.1%,102.9%,119.8%,102.5%,79.9%,87.9%,84.9%,100.4%,89.5%,103.8%,96.4%,,,
무악동,194.4%,199.8%,177.1%,208.9%,210.3%,215.9%,250.6%,201.9%,193.6%,203.9%,206.2%,210.7%,223.9%,225.0%,217.9%,189.9%,216.1%,237.6%,199.1%,215.4%,274.2%,217.7%,177.0%,202.7%,209.3%,218.7%,235.0%,231.1%,210.5%,200.6%,215.3%,217.3%,192.7%,188.7%,219.0%,220.4%,253.7%,261.4%,203.2%,211.8%,221.7%,221.9%,218.1%,187.1%,228.1%,204.3%,182.9%,197.1%,250.0%,216.3%,192.1%,211.4%,207.6%,200.2%,197.2%,257.9%,229.1%,198.1%,233.3%,226.0%,211.9%,234.0%,257.7%,249.9%,205.6%,220.6%,222.8%,209.9%,210.5%,260.7%,206.2%,218.5%,229.6%,227.6%,220.4%,233.0%,239.0%,208.8%,240.5%,237.4%,214.9%,220.1%,213.8%,276.3%,221.3%,223.8%,197.9%,230.2%,217.5%,248.0%,244.7%,184.7%,189.3%,240.0%,223.7%,221.3%,223.3%,218.0%,209.4%,204.4%,202.2%,200.6%,225.2%,245.4%,244.6%,224.7%,200.6%,224.1%,223.7%,242.5%,237.4%,254.3%,235.9%,274.1%,247.0%,262.3%,253.4%,250.8%,237.7%,223.5%,229.7%,270.7%,260.3%,245.6%,243.8%,254.2%,206.6%,212.1%,242.3%,231.7%,250.4%,274.1%,265.9%,237.3%,233.1%,260.3%,278.2%,226.8%,242.3%,239.4%,247.8%,230.9%,248.8%,247.7%,247.9%,227.1%,241.0%,247.6%,209.4%,221.0%,233.4%,249.2%,249.5%,272.2%,234.0%,190.8%,239.0%,248.0%,214.9%,249.6%,280.2%,223.6%,225.9%,235.3%,247.7%,214.2%,220.7%,240.3%,225.0%,204.2%,204.9%,222.9%,217.1%,210.5%,229.9%,213.7%,194.2%,212.5%,252.2%,224.9%,233.6%,260.9%,214.8%,200.5%,226.6%,191.0%,211.2%,189.4%,241.1%,231.5%,209.8%,198.5%,202.5%,205.3%,219.4%,248.4%,213.9%,200.8%,210.3%,211.1%,221.9%,208.4%,247.8%,209.3%,185.7%,230.8%,203.1%,217.4%,205.2%,245.5%,180.9%,181.2%,222.5%,216.6%,206.3%,211.4%,235.8%,200.4%,174.2%,192.1%,192.9%,187.4%,230.9%,242.9%,257.5%,202.3%,186.3%,214.9%,217.3%,208.4%,219.9%,181.6%,164.6%,195.3%,198.4%,195.7%,181.8%,225.2%,205.8%,196.0%,206.6%,192.5%,192.5%,198.7%,217.8%,207.2%,175.4%,178.7%,192.3%,186.0%,183.8%,205.8%,196.1%,198.9%,193.8%,199.5%,182.7%,198.2%,205.4%,164.2%,190.7%,191.0%,213.5%,208.1%,203.2%,227.6%,230.0%,197.8%,161.7%,222.2%,169.9%,192.0%,206.2%,169.7%,202.9%,189.2%,207.7%,208.9%,186.1%,203.7%,200.5%,187.1%,192.4%,170.7%,197.2%,181.6%,202.2%,181.1%,213.3%,188.7%,195.4%,173.7%,194.6%,216.9%,182.5%,179.4%,189.3%,199.2%,200.7%,211.1%,203.6%,192.2%,216.2%,193.0%,184.6%,198.8%,208.5%,201.1%,161.4%,158.2%,205.4%,167.8%,200.6%,187.3%,206.8%,178.1%,214.4%,188.3%,197.6%,259.6%,205.5%,185.9%,169.4%,175.2%,189.2%,188.1%,197.8%,190.8%,212.3%,198.9%,171.3%,195.2%,195.6%,209.2%,312.2%,232.6%,185.8%,181.5%,198.0%,188.6%,194.7%,192.9%,238.6%,219.8%,209.0%,218.2%,221.0%,248.5%,215.7%,209.8%,192.9%,198.2%,191.6%,200.6%,191.3%,190.2%,226.4%,197.7%,188.5%,203.0%,200.2%,173.1%,215.5%,206.6%,199.7%,,,
부암동,101.1%,198.1%,186.1%,189.3%,157.4%,161.1%,110.0%,114.9%,208.3%,199.5%,194.1%,183.9%,167.0%,112.1%,125.9%,204.0%,193.1%,207.6%,209.6%,189.3%,158.0%,162.6%,209.3%,214.7%,203.0%,168.5%,163.5%,118.0%,118.3%,202.6%,189.3%,175.5%,180.0%,168.5%,105.7%,90.0%,110.4%,205.3%,193.4%,171.9%,163.9%,110.4%,126.9%,196.8%,199.8%,177.8%,105.0%,153.8%,126.2%,110.3%,193.7%,128.3%,186.1%,195.1%,164.5%,158.7%,142.0%,198.3%,190.9%,207.0%,184.3%,178.8%,125.6%,114.3%,208.9%,208.8%,137.4%,188.1%,159.4%,132.0%,132.1%,210.2%,198.5%,155.0%,187.7%,183.7%,154.3%,148.3%,235.4%,213.7%,205.3%,188.5%,158.8%,137.2%,111.1%,120.8%,104.3%,126.3%,123.0%,120.7%,101.1%,79.3%,104.1%,122.6%,129.0%,119.1%,128.1%,101.1%,113.3%,112.8%,114.8%,107.3%,113.3%,123.8%,104.4%,96.2%,116.6%,108.8%,112.5%,115.1%,118.4%,100.1%,111.2%,122.2%,115.9%,124.3%,118.9%,118.0%,83.6%,88.2%,105.8%,111.6%,105.1%,112.1%,114.1%,99.7%,92.1%,104.7%,117.6%,111.0%,106.1%,113.6%,102.6%,107.5%,109.3%,120.8%,102.2%,105.4%,112.8%,93.5%,93.9%,110.6%,112.8%,120.5%,126.1%,107.3%,93.1%,109.6%,110.7%,116.3%,104.1%,129.9%,128.3%,113.6%,101.3%,167.0%,169.1%,172.0%,173.6%,146.8%,120.1%,122.9%,207.9%,196.9%,196.7%,178.8%,160.5%,123.0%,110.1%,206.2%,195.1%,227.2%,407.5%,151.5%,89.7%,113.6%,95.4%,94.9%,101.2%,179.2%,156.4%,121.5%,98.9%,198.5%,192.2%,126.7%,188.8%,158.0%,120.8%,115.4%,203.2%,116.0%,182.2%,179.8%,163.3%,113.5%,124.5%,211.6%,191.8%,195.8%,188.1%,174.5%,140.1%,165.6%,225.0%,220.8%,204.3%,178.8%,155.6%,127.0%,116.7%,190.8%,184.3%,195.7%,173.9%,156.3%,138.1%,117.4%,195.9%,189.6%,177.1%,146.1%,162.8%,133.4%,137.0%,196.1%,177.4%,187.1%,166.0%,154.4%,105.6%,87.1%,189.7%,169.9%,181.2%,159.3%,146.9%,107.0%,116.4%,185.8%,167.6%,168.6%,156.5%,161.4%,129.3%,99.9%,179.8%,176.5%,177.0%,168.9%,152.9%,115.6%,130.4%,183.7%,180.8%,170.1%,154.2%,168.3%,136.3%,128.3%,219.4%,185.6%,187.0%,163.0%,157.6%,118.4%,90.0%,96.9%,73.0%,102.3%,95.1%,101.6%,90.7%,75.3%,85.7%,67.3%,96.5%,89.2%,100.4%,85.6%,74.4%,91.3%,96.6%,91.2%,90.0%,85.5%,81.9%,79.0%,100.5%,95.2%,83.0%,85.6%,86.7%,73.0%,73.8%,91.4%,93.2%,94.8%,92.1%,90.8%,75.5%,93.3%,94.8%,84.4%,87.7%,87.0%,87.9%,71.2%,62.2%,72.1%,63.4%,57.3%,80.7%,84.3%,74.3%,75.4%,98.8%,82.7%,91.9%,100.7%,88.4%,97.7%,72.4%,70.8%,80.4%,109.1%,85.7%,99.2%,84.7%,91.3%,105.1%,94.6%,96.3%,89.5%,84.3%,93.3%,95.3%,174.3%,174.5%,167.9%,160.7%,133.3%,95.2%,112.6%,189.9%,184.2%,178.4%,206.3%,171.2%,108.5%,90.8%,192.8%,180.3%,198.1%,178.8%,149.5%,105.4%,107.7%,194.9%,200.2%,171.6%,177.6%,155.8%,97.7%,112.4%,,,
사직동,125.8%,147.9%,144.2%,159.1%,159.7%,150.8%,115.9%,151.6%,135.6%,152.9%,153.1%,154.9%,155.0%,114.6%,137.3%,139.0%,140.8%,146.7%,154.0%,157.8%,132.8%,131.7%,139.0%,136.8%,145.0%,146.2%,156.8%,130.9%,147.0%,157.8%,131.4%,137.2%,156.0%,146.9%,117.6%,115.3%,116.8%,135.9%,141.8%,143.0%,144.9%,114.2%,123.7%,138.6%,148.2%,143.7%,145.7%,141.6%,123.1%,127.8%,132.1%,128.7%,137.8%,146.4%,143.9%,124.4%,132.4%,144.9%,154.6%,145.9%,155.6%,159.9%,115.4%,131.1%,138.0%,150.1%,145.2%,141.5%,142.8%,125.9%,98.6%,146.9%,148.5%,130.5%,143.6%,151.8%,126.7%,148.0%,152.7%,145.4%,152.8%,157.1%,158.6%,135.1%,140.1%,145.9%,152.8%,161.6%,159.7%,155.0%,151.6%,106.2%,146.7%,151.8%,159.6%,159.7%,146.9%,115.1%,133.8%,127.7%,148.1%,152.3%,161.8%,154.9%,138.2%,134.2%,154.6%,160.5%,154.7%,165.5%,155.5%,122.3%,147.2%,151.7%,155.9%,159.1%,158.8%,158.0%,139.6%,129.2%,169.1%,166.7%,172.1%,171.7%,152.0%,108.9%,129.5%,160.3%,163.4%,161.9%,164.5%,167.6%,130.5%,135.0%,155.5%,162.6%,156.7%,150.8%,145.4%,129.2%,141.1%,147.6%,158.3%,154.9%,156.9%,146.5%,125.9%,138.3%,147.4%,164.4%,155.5%,162.6%,163.2%,104.5%,125.3%,151.0%,145.5%,151.1%,154.0%,155.1%,132.2%,138.1%,144.8%,147.3%,145.6%,165.9%,149.0%,129.0%,133.6%,145.4%,152.9%,146.2%,152.3%,139.8%,115.8%,115.5%,126.0%,111.1%,112.0%,139.5%,138.6%,122.8%,119.3%,140.0%,151.3%,144.2%,143.0%,146.3%,109.7%,127.3%,144.5%,122.8%,140.7%,142.5%,143.0%,122.7%,127.4%,137.1%,138.2%,139.3%,153.4%,150.2%,132.7%,139.5%,143.1%,145.2%,147.3%,157.1%,146.9%,117.1%,127.9%,136.7%,139.0%,141.8%,156.5%,150.6%,130.4%,128.2%,134.1%,149.2%,147.2%,148.3%,155.6%,131.4%,167.2%,140.2%,137.5%,138.1%,137.4%,142.4%,110.9%,105.2%,134.1%,130.1%,135.4%,128.9%,134.7%,108.1%,115.3%,126.7%,138.8%,128.4%,134.1%,145.3%,110.5%,116.9%,139.5%,129.2%,135.4%,138.7%,140.1%,120.6%,113.3%,138.4%,138.8%,142.7%,137.8%,138.4%,102.8%,111.7%,128.3%,135.2%,154.0%,144.2%,141.2%,123.5%,119.2%,124.8%,102.5%,131.4%,145.2%,142.6%,114.4%,118.4%,102.6%,104.7%,132.4%,156.7%,144.3%,101.1%,101.9%,152.6%,150.0%,170.7%,157.7%,159.8%,94.9%,112.5%,170.9%,155.0%,191.5%,161.0%,163.9%,109.7%,105.6%,133.1%,152.2%,150.6%,150.7%,157.0%,110.5%,118.9%,155.7%,155.6%,166.9%,353.9%,138.1%,88.0%,91.9%,92.2%,119.0%,98.6%,131.7%,131.5%,108.3%,105.8%,151.2%,138.7%,161.5%,220.8%,140.8%,98.5%,103.5%,135.9%,150.9%,145.7%,142.6%,137.1%,99.5%,111.1%,136.5%,145.1%,143.1%,152.7%,146.9%,104.1%,106.7%,139.9%,152.0%,156.9%,144.7%,152.5%,102.9%,109.8%,146.9%,154.8%,169.6%,235.1%,166.8%,107.7%,116.6%,132.9%,146.7%,183.6%,143.6%,143.2%,124.7%,106.0%,144.8%,143.9%,152.1%,146.2%,142.9%,111.6%,111.5%,,,
삼청동,67.4%,78.6%,68.2%,62.3%,54.1%,51.0%,66.2%,97.5%,50.9%,73.7%,59.6%,58.9%,68.9%,77.6%,70.2%,48.4%,52.6%,64.0%,64.9%,69.7%,89.5%,74.8%,48.3%,49.9%,58.3%,59.2%,74.2%,95.6%,89.9%,67.1%,82.7%,53.0%,50.6%,77.0%,96.0%,67.8%,84.0%,54.6%,50.6%,51.9%,58.7%,66.4%,80.8%,55.6%,73.9%,48.5%,54.5%,58.7%,90.6%,81.4%,67.3%,170.9%,62.9%,62.7%,80.4%,116.0%,98.2%,63.0%,78.0%,66.5%,76.2%,78.0%,99.9%,84.0%,55.3%,85.1%,87.9%,71.5%,83.3%,134.5%,70.0%,70.0%,77.8%,90.0%,62.3%,73.6%,95.6%,86.1%,65.6%,66.8%,66.8%,62.0%,80.7%,89.4%,60.3%,85.5%,66.3%,53.9%,65.9%,70.6%,102.3%,61.4%,43.5%,63.0%,58.4%,54.7%,65.2%,81.1%,74.9%,58.5%,63.2%,59.2%,69.0%,67.4%,91.4%,72.6%,69.3%,66.4%,64.0%,61.1%,61.3%,88.1%,65.2%,64.4%,71.9%,71.9%,64.1%,75.2%,90.1%,69.6%,67.0%,73.6%,83.6%,71.3%,72.4%,81.5%,67.8%,65.2%,65.7%,66.6%,73.4%,56.5%,93.1%,84.5%,84.3%,79.4%,98.4%,61.6%,61.2%,90.2%,78.1%,80.1%,78.0%,74.8%,73.9%,59.2%,91.0%,85.0%,63.3%,60.2%,64.5%,59.3%,90.2%,93.9%,82.7%,51.9%,68.3%,55.1%,80.2%,78.8%,96.4%,85.6%,59.1%,54.9%,67.5%,46.4%,76.3%,97.7%,92.0%,69.6%,67.4%,64.8%,66.1%,58.5%,64.5%,81.1%,276.3%,145.1%,108.7%,74.7%,89.0%,131.4%,109.7%,79.6%,88.8%,138.5%,100.7%,74.7%,87.6%,124.1%,95.8%,103.9%,64.6%,72.7%,98.8%,116.5%,94.0%,86.7%,75.4%,86.7%,95.3%,103.5%,124.1%,128.3%,88.7%,99.0%,93.6%,102.8%,106.6%,122.9%,119.4%,98.3%,87.9%,99.8%,93.7%,134.5%,151.2%,123.3%,103.5%,110.9%,94.7%,77.7%,103.4%,109.0%,115.7%,79.6%,90.8%,94.8%,83.7%,92.3%,89.6%,74.2%,74.8%,80.4%,75.8%,73.2%,79.5%,75.3%,74.0%,77.9%,78.9%,74.6%,73.8%,101.3%,87.2%,69.9%,60.9%,59.4%,66.1%,59.1%,73.9%,76.3%,64.5%,55.4%,62.0%,72.6%,63.4%,78.5%,68.6%,69.5%,62.9%,66.8%,69.7%,75.1%,84.3%,80.2%,69.5%,73.8%,67.1%,72.7%,68.2%,65.6%,69.7%,67.8%,69.2%,45.4%,58.7%,63.2%,62.7%,68.7%,60.1%,58.6%,57.0%,58.6%,71.9%,64.5%,79.3%,64.3%,69.3%,62.3%,52.3%,64.3%,73.7%,64.2%,56.3%,55.0%,58.8%,109.4%,61.0%,63.4%,71.1%,63.5%,56.2%,63.3%,54.1%,54.3%,116.1%,62.8%,55.8%,64.6%,71.6%,83.3%,58.5%,67.1%,69.7%,64.1%,71.2%,62.8%,65.5%,95.4%,62.5%,77.3%,62.3%,57.3%,60.8%,63.2%,64.1%,62.9%,81.2%,67.3%,60.1%,56.8%,62.9%,66.8%,91.3%,90.0%,75.7%,76.8%,61.5%,61.0%,68.3%,72.4%,82.4%,75.5%,77.1%,61.5%,74.8%,81.9%,95.3%,89.6%,80.7%,84.9%,75.5%,103.9%,73.0%,81.5%,97.8%,78.8%,68.0%,84.2%,80.2%,77.1%,89.1%,94.7%,72.3%,,,
상계10동,75.3%,79.4%,72.9%,77.1%,71.8%,75.3%,81.2%,74.2%,75.4%,70.5%,70.6%,80.4%,83.9%,84.7%,75.6%,69.3%,77.7%,70.2%,76.0%,84.8%,93.8%,81.2%,66.1%,73.5%,82.6%,84.3%,87.4%,94.1%,89.1%,80.2%,83.7%,71.5%,72.2%,94.8%,89.3%,80.4%,82.8%,76.8%,79.6%,84.1%,85.7%,79.5%,83.7%,79.9%,84.2%,73.7%,65.2%,80.4%,98.5%,81.8%,78.3%,87.3%,70.6%,86.6%,87.0%,96.0%,86.8%,84.2%,90.8%,90.5%,84.2%,95.7%,112.7%,85.1%,82.0%,88.0%,97.3%,92.6%,89.1%,109.2%,91.5%,75.3%,89.0%,100.2%,80.3%,82.0%,97.6%,89.2%,86.4%,79.1%,83.5%,92.2%,90.4%,114.7%,85.2%,90.4%,71.2%,89.4%,87.4%,94.8%,107.8%,69.4%,69.4%,90.7%,89.9%,93.4%,93.2%,101.4%,97.1%,76.2%,84.2%,81.7%,86.8%,92.3%,100.1%,88.2%,85.3%,91.8%,89.9%,89.2%,102.5%,103.3%,87.2%,90.6%,95.6%,92.7%,89.1%,96.2%,114.3%,80.4%,79.1%,99.8%,95.3%,102.7%,95.0%,96.4%,91.2%,96.2%,93.5%,96.4%,94.6%,102.5%,104.4%,89.3%,94.0%,97.5%,88.3%,97.6%,97.2%,102.5%,90.2%,93.0%,83.8%,99.7%,96.9%,85.9%,106.8%,92.1%,80.3%,84.0%,81.2%,94.5%,107.4%,115.5%,90.2%,84.4%,90.9%,98.5%,93.0%,97.1%,108.1%,101.0%,91.9%,92.9%,89.7%,92.1%,100.4%,106.2%,88.2%,87.1%,104.6%,96.9%,85.4%,92.8%,100.5%,81.6%,99.8%,84.7%,87.5%,91.0%,95.4%,111.4%,85.9%,83.0%,86.7%,98.2%,89.7%,90.6%,94.7%,84.8%,91.2%,87.3%,79.6%,77.8%,82.9%,102.8%,84.2%,80.7%,81.2%,87.2%,85.3%,91.1%,103.6%,80.9%,83.5%,85.5%,87.9%,92.0%,82.4%,85.3%,78.3%,83.9%,72.1%,87.1%,82.9%,83.1%,106.5%,84.9%,78.5%,87.7%,83.4%,76.8%,94.2%,111.8%,113.3%,83.6%,78.7%,83.8%,75.5%,81.9%,90.0%,86.5%,68.0%,72.5%,69.8%,73.2%,76.3%,76.7%,79.8%,69.6%,72.1%,71.2%,68.1%,79.6%,79.6%,78.0%,73.3%,73.3%,69.5%,71.6%,63.4%,73.4%,67.5%,68.4%,67.1%,70.1%,70.6%,66.1%,77.8%,65.8%,71.5%,66.5%,67.3%,77.1%,75.1%,84.3%,71.8%,74.0%,71.4%,61.8%,63.7%,70.9%,67.7%,62.3%,75.0%,66.8%,66.8%,62.4%,71.1%,78.7%,69.4%,69.4%,72.5%,73.8%,69.0%,71.9%,79.0%,71.3%,69.2%,75.4%,63.9%,75.5%,72.7%,79.6%,69.3%,74.6%,67.5%,69.1%,66.3%,74.5%,77.3%,80.4%,66.8%,75.1%,130.3%,76.0%,74.5%,77.3%,66.7%,61.9%,69.4%,65.2%,70.1%,85.2%,72.8%,70.2%,62.7%,68.0%,82.2%,104.7%,77.4%,83.2%,72.1%,73.7%,72.9%,81.0%,75.9%,85.4%,88.8%,75.7%,71.2%,76.6%,79.0%,92.8%,78.8%,82.5%,69.9%,83.7%,77.8%,75.6%,80.8%,85.5%,89.4%,75.1%,74.3%,72.4%,84.8%,108.2%,81.6%,77.6%,75.6%,66.0%,76.3%,77.0%,72.4%,84.7%,78.1%,72.2%,67.7%,72.6%,72.9%,74.8%,77.6%,88.9%,72.5%,,,
상계1동,79.2%,78.1%,76.5%,77.2%,72.0%,82.7%,87.1%,86.9%,76.1%,83.4%,81.0%,85.5%,89.8%,86.3%,83.8%,79.4%,80.9%,80.6%,85.1%,86.7%,99.9%,86.5%,76.3%,79.8%,85.3%,85.2%,84.7%,97.0%,88.1%,84.8%,85.4%,74.9%,72.9%,88.3%,92.4%,76.9%,87.6%,85.1%,80.3%,81.4%,83.7%,81.1%,87.3%,77.8%,85.1%,75.5%,79.6%,81.8%,98.6%,89.2%,85.4%,81.1%,80.0%,82.5%,89.8%,95.6%,93.4%,96.4%,82.6%,84.3%,82.7%,90.4%,103.9%,89.7%,82.7%,88.2%,92.0%,86.8%,95.0%,109.8%,90.6%,84.9%,87.5%,93.6%,84.2%,90.4%,100.2%,86.4%,93.0%,86.9%,86.4%,85.7%,92.4%,115.7%,97.0%,87.0%,76.9%,95.3%,88.5%,91.6%,98.4%,72.6%,76.3%,89.5%,93.6%,89.7%,91.8%,95.0%,97.8%,74.1%,76.1%,81.3%,84.4%,88.9%,106.1%,93.8%,87.7%,94.5%,89.5%,89.3%,95.5%,105.3%,105.3%,90.7%,91.4%,96.3%,93.4%,96.0%,99.5%,91.5%,91.1%,93.5%,101.0%,97.7%,99.1%,101.9%,89.9%,86.9%,89.6%,92.9%,87.3%,95.5%,96.0%,95.3%,84.2%,92.5%,90.5%,87.4%,87.9%,96.7%,82.8%,82.4%,85.8%,91.0%,89.0%,78.0%,95.4%,86.9%,79.1%,87.2%,80.6%,84.5%,93.0%,98.5%,83.2%,74.4%,82.2%,86.6%,83.6%,85.2%,96.0%,92.4%,81.0%,84.9%,84.1%,91.2%,91.7%,96.3%,86.0%,84.4%,85.4%,85.5%,77.2%,84.5%,93.7%,89.2%,95.1%,82.2%,77.6%,81.6%,84.0%,91.9%,79.5%,76.4%,76.2%,91.5%,80.3%,83.0%,83.7%,86.5%,83.0%,78.1%,78.5%,78.8%,80.7%,91.1%,90.0%,78.7%,82.9%,78.5%,76.0%,82.9%,92.2%,81.7%,73.6%,79.1%,73.0%,75.8%,80.8%,90.9%,78.7%,74.0%,75.6%,77.3%,75.0%,86.0%,89.8%,82.8%,76.2%,80.1%,84.8%,76.3%,102.1%,117.7%,135.4%,84.0%,82.3%,80.4%,77.3%,86.9%,83.5%,76.8%,74.4%,73.5%,72.6%,73.0%,77.0%,77.6%,77.7%,71.1%,73.3%,71.3%,74.8%,73.5%,80.6%,69.9%,68.3%,67.4%,65.1%,69.9%,72.5%,69.1%,69.0%,68.7%,67.1%,69.5%,65.8%,72.2%,75.0%,68.8%,66.5%,67.7%,71.9%,71.6%,75.1%,76.5%,72.4%,70.2%,63.3%,65.1%,67.8%,73.2%,74.8%,61.9%,71.3%,63.7%,63.6%,62.7%,68.9%,68.9%,63.0%,64.6%,65.4%,65.4%,68.8%,70.9%,68.6%,70.8%,68.5%,67.4%,66.6%,129.8%,75.1%,75.5%,64.8%,65.6%,64.9%,67.0%,67.9%,85.8%,72.0%,72.1%,64.5%,63.2%,70.9%,71.6%,73.1%,70.9%,64.2%,65.6%,74.6%,65.3%,68.2%,71.0%,68.5%,69.4%,70.1%,72.2%,80.3%,104.9%,75.7%,67.7%,65.9%,62.9%,63.7%,68.0%,65.9%,86.3%,74.6%,72.0%,68.5%,67.8%,71.1%,76.9%,67.6%,74.0%,65.8%,71.3%,71.0%,73.6%,68.9%,74.2%,83.4%,75.7%,67.2%,71.7%,78.2%,117.3%,82.8%,74.7%,70.0%,67.7%,67.8%,69.9%,67.3%,74.1%,77.2%,78.5%,65.7%,70.7%,70.6%,73.3%,75.3%,79.9%,65.0%,,,
상계2동,147.1%,123.9%,119.9%,123.0%,114.0%,126.1%,141.3%,140.1%,119.8%,119.2%,129.7%,121.4%,142.8%,146.7%,144.1%,123.3%,128.7%,126.7%,122.1%,147.7%,160.1%,148.4%,112.7%,127.5%,127.7%,133.4%,137.8%,157.6%,148.5%,136.6%,141.3%,120.4%,134.5%,151.3%,158.7%,148.7%,144.8%,145.1%,129.5%,127.3%,146.1%,133.1%,144.3%,121.8%,132.7%,116.4%,109.5%,127.9%,151.8%,138.2%,129.9%,133.6%,119.5%,118.4%,142.6%,157.9%,150.0%,123.3%,128.1%,123.1%,126.6%,143.7%,159.6%,156.1%,123.0%,132.1%,149.6%,128.4%,139.3%,164.0%,143.5%,124.4%,132.3%,150.6%,125.6%,137.1%,155.6%,150.6%,150.2%,123.1%,126.5%,129.5%,142.1%,182.2%,155.2%,139.8%,115.6%,139.6%,132.7%,138.8%,159.5%,134.0%,121.1%,136.0%,141.8%,141.2%,149.0%,163.3%,150.3%,117.0%,124.6%,134.2%,136.8%,152.3%,165.9%,154.7%,149.7%,144.1%,144.9%,140.2%,164.5%,179.9%,168.9%,159.7%,151.5%,140.6%,144.8%,154.7%,165.2%,157.8%,144.4%,151.4%,162.7%,157.4%,163.1%,166.8%,164.0%,151.2%,154.9%,155.6%,150.1%,172.6%,173.3%,174.8%,151.2%,161.6%,177.6%,153.1%,163.4%,176.3%,166.8%,153.8%,152.5%,152.8%,164.1%,144.7%,169.9%,165.2%,129.3%,133.6%,124.8%,150.0%,162.9%,182.2%,162.8%,136.4%,139.3%,152.3%,149.2%,161.1%,182.7%,169.9%,147.4%,165.9%,148.4%,144.8%,208.2%,182.3%,162.7%,159.6%,146.2%,144.9%,136.4%,158.8%,172.8%,170.1%,165.1%,161.7%,155.9%,138.1%,141.1%,168.4%,151.7%,133.2%,159.1%,162.3%,138.8%,142.0%,147.7%,155.6%,155.1%,150.5%,133.4%,134.7%,143.3%,155.8%,158.7%,136.3%,126.5%,130.0%,129.0%,145.2%,158.3%,148.1%,132.2%,132.9%,138.8%,136.5%,144.3%,164.3%,145.8%,131.5%,118.8%,127.9%,126.7%,139.0%,152.6%,147.1%,125.4%,127.6%,132.3%,136.4%,156.9%,214.3%,252.8%,134.7%,133.4%,135.8%,126.7%,130.9%,143.0%,139.5%,123.7%,119.1%,116.5%,117.8%,134.8%,149.4%,136.5%,123.0%,119.7%,119.8%,120.7%,134.5%,142.0%,138.1%,119.9%,121.4%,117.9%,116.8%,130.9%,137.2%,127.5%,118.3%,123.9%,121.8%,118.8%,130.4%,148.0%,132.6%,115.9%,122.5%,117.8%,129.6%,138.8%,149.1%,141.3%,132.7%,132.7%,116.6%,134.5%,129.8%,136.6%,131.3%,140.4%,142.6%,115.8%,119.7%,127.7%,136.5%,135.2%,123.8%,118.1%,118.8%,138.5%,137.6%,142.9%,144.8%,125.2%,121.0%,126.9%,125.5%,129.9%,144.3%,133.6%,121.8%,120.2%,129.0%,123.6%,125.5%,132.2%,131.1%,122.7%,117.5%,122.7%,119.4%,136.9%,136.6%,131.2%,124.1%,135.7%,129.9%,117.4%,121.5%,145.5%,133.1%,125.3%,137.7%,169.0%,206.4%,134.7%,143.4%,132.1%,116.0%,120.0%,126.3%,127.3%,144.5%,144.0%,137.7%,120.1%,120.8%,132.0%,128.9%,139.5%,133.8%,130.8%,130.1%,118.2%,122.7%,113.4%,125.9%,148.1%,152.4%,114.9%,127.3%,146.6%,222.6%,144.0%,139.7%,136.8%,104.9%,131.6%,111.2%,113.3%,120.9%,137.3%,134.1%,105.4%,125.8%,117.7%,121.7%,131.2%,150.7%,117.4%,,,
상계3.4동,61.1%,61.0%,52.1%,50.8%,45.6%,55.1%,68.1%,52.6%,59.7%,58.8%,57.6%,57.3%,53.6%,68.3%,60.4%,47.4%,61.1%,55.2%,51.8%,56.1%,57.7%,55.4%,48.6%,46.8%,47.0%,50.9%,47.1%,60.3%,45.5%,10.5%,76.2%,28.9%,52.0%,76.9%,63.4%,51.1%,52.9%,61.3%,53.5%,72.3%,57.3%,60.6%,75.3%,57.0%,62.3%,56.5%,52.7%,56.5%,68.6%,70.7%,61.3%,67.2%,59.1%,60.2%,62.2%,64.1%,69.8%,64.8%,67.3%,56.0%,69.9%,62.4%,86.5%,95.8%,81.1%,68.3%,71.2%,64.0%,79.8%,94.0%,78.9%,79.6%,75.4%,98.1%,72.6%,75.5%,78.8%,77.2%,86.7%,74.6%,77.8%,93.6%,87.0%,99.0%,87.0%,94.5%,79.8%,98.1%,93.2%,100.5%,116.7%,105.4%,96.8%,120.6%,102.6%,104.5%,120.0%,112.1%,112.3%,105.2%,103.1%,110.5%,116.7%,112.9%,107.8%,151.5%,122.2%,105.8%,112.6%,116.6%,112.1%,125.9%,111.8%,101.7%,136.3%,127.7%,133.1%,126.0%,129.2%,116.3%,139.8%,137.2%,148.7%,148.5%,158.0%,139.1%,139.0%,146.3%,141.0%,144.4%,143.1%,146.3%,126.9%,126.8%,155.8%,158.3%,124.5%,149.1%,137.9%,145.9%,136.7%,155.1%,143.8%,137.8%,124.1%,148.2%,105.5%,114.0%,105.1%,87.4%,91.7%,101.6%,103.4%,113.0%,101.4%,85.0%,96.7%,92.0%,87.6%,100.3%,103.3%,103.6%,105.9%,90.1%,102.7%,92.9%,97.2%,103.3%,102.8%,90.0%,96.4%,98.7%,88.6%,98.6%,108.4%,132.6%,137.0%,110.6%,98.2%,88.0%,96.0%,101.5%,104.1%,86.0%,88.7%,96.8%,88.8%,87.1%,91.1%,103.5%,96.8%,92.4%,78.2%,99.4%,82.1%,101.7%,105.9%,96.0%,89.9%,99.6%,87.8%,92.1%,96.5%,97.4%,90.0%,79.5%,81.5%,76.4%,81.1%,91.6%,98.4%,84.6%,86.5%,86.5%,82.2%,94.5%,102.0%,90.3%,83.9%,85.4%,99.1%,74.5%,103.9%,128.9%,141.7%,90.0%,98.0%,87.3%,83.2%,81.3%,102.4%,94.9%,75.5%,85.3%,78.2%,82.8%,77.5%,90.9%,87.3%,81.7%,78.9%,75.7%,83.7%,87.0%,90.1%,98.4%,82.3%,93.8%,92.7%,81.1%,77.0%,85.8%,84.6%,80.7%,73.9%,81.5%,80.0%,75.1%,89.0%,78.9%,89.3%,67.6%,77.3%,77.9%,80.5%,105.9%,82.5%,79.6%,82.2%,82.1%,71.9%,85.0%,81.0%,78.7%,85.8%,101.5%,77.4%,84.1%,86.8%,84.6%,85.6%,88.4%,80.5%,81.6%,88.4%,93.3%,82.3%,82.7%,92.7%,78.3%,78.6%,80.4%,88.5%,86.9%,78.4%,87.4%,89.7%,84.0%,79.4%,84.6%,82.8%,85.8%,86.2%,78.7%,91.3%,85.9%,90.5%,86.2%,90.6%,106.1%,117.8%,96.9%,87.3%,98.4%,91.8%,87.4%,91.2%,89.4%,102.3%,114.4%,87.4%,95.3%,85.7%,90.0%,78.4%,83.3%,82.9%,92.1%,101.2%,94.9%,81.6%,73.0%,87.1%,94.2%,94.9%,91.4%,75.6%,84.2%,84.1%,74.9%,83.4%,92.3%,77.9%,88.3%,81.1%,79.2%,99.8%,130.6%,85.8%,84.7%,87.5%,73.1%,75.1%,77.9%,80.4%,78.9%,81.3%,83.8%,88.9%,68.2%,85.2%,73.5%,79.7%,83.1%,78.4%,,,
상계5동,81.8%,80.9%,77.3%,73.4%,75.2%,72.4%,79.2%,88.2%,76.6%,81.0%,74.1%,78.2%,87.2%,85.6%,91.8%,73.4%,77.5%,74.2%,84.1%,83.8%,94.1%,91.4%,70.2%,80.1%,74.7%,78.3%,80.5%,83.4%,85.5%,83.5%,75.2%,75.8%,72.1%,87.1%,82.9%,79.8%,83.3%,85.4%,77.3%,71.9%,82.2%,74.4%,86.0%,74.5%,76.3%,78.9%,77.7%,74.2%,86.4%,78.8%,80.1%,73.1%,73.0%,75.2%,78.8%,86.2%,88.5%,79.7%,74.3%,81.5%,81.3%,85.3%,91.7%,94.4%,80.1%,77.7%,86.0%,82.3%,84.8%,92.9%,88.8%,82.2%,79.3%,83.6%,77.7%,90.9%,86.3%,88.3%,89.6%,76.7%,76.0%,82.6%,84.9%,107.9%,94.9%,86.8%,77.0%,86.4%,81.3%,85.7%,91.1%,83.9%,77.0%,88.1%,86.7%,85.3%,86.3%,85.8%,90.2%,78.4%,80.0%,99.9%,84.7%,89.2%,89.6%,84.3%,82.7%,76.5%,84.1%,88.0%,86.9%,97.7%,90.6%,94.2%,92.7%,88.9%,87.6%,91.4%,85.3%,92.7%,87.8%,93.4%,99.0%,98.7%,92.6%,87.7%,89.7%,89.8%,89.8%,91.3%,88.5%,97.3%,95.8%,91.2%,96.8%,91.7%,91.4%,88.7%,88.4%,91.1%,92.2%,84.6%,86.1%,86.6%,91.1%,88.1%,93.1%,93.7%,84.0%,73.5%,83.9%,88.0%,91.5%,93.4%,94.3%,81.2%,80.1%,82.5%,85.5%,85.3%,94.9%,94.7%,90.1%,88.3%,80.9%,86.6%,89.5%,91.1%,88.8%,93.7%,81.3%,76.8%,78.0%,86.7%,92.0%,106.3%,119.4%,86.1%,84.4%,88.1%,88.9%,89.8%,85.4%,80.3%,86.7%,83.5%,84.0%,75.5%,81.0%,84.4%,86.4%,85.8%,80.5%,86.6%,77.5%,87.7%,86.8%,79.6%,79.8%,75.2%,86.5%,80.2%,83.9%,81.2%,75.6%,73.6%,76.1%,78.6%,74.9%,89.5%,83.8%,73.8%,80.9%,75.6%,81.4%,77.5%,92.6%,89.8%,76.8%,76.4%,77.4%,78.8%,77.9%,98.8%,118.3%,82.2%,76.3%,77.2%,73.7%,75.0%,75.2%,74.8%,67.2%,67.7%,65.8%,65.7%,73.1%,79.3%,82.8%,72.9%,69.4%,67.8%,68.8%,74.8%,78.1%,81.2%,70.4%,67.0%,71.1%,73.1%,71.4%,73.3%,85.2%,78.2%,71.1%,74.4%,69.4%,67.7%,82.8%,75.4%,68.8%,67.7%,71.8%,71.0%,74.8%,76.4%,76.3%,74.9%,67.3%,68.7%,68.4%,72.8%,72.8%,75.7%,77.1%,79.0%,72.5%,71.7%,70.8%,72.5%,72.7%,73.9%,70.8%,72.1%,77.0%,73.9%,76.7%,76.6%,80.2%,69.5%,76.3%,75.1%,73.6%,80.0%,79.6%,72.5%,67.6%,76.9%,69.8%,79.5%,81.5%,77.5%,72.8%,70.2%,73.2%,73.1%,77.2%,82.8%,84.8%,87.0%,104.0%,76.5%,76.0%,71.1%,72.8%,72.1%,77.1%,75.2%,78.8%,90.3%,83.3%,74.9%,72.0%,69.8%,69.6%,71.7%,74.2%,76.7%,80.7%,81.4%,70.7%,74.5%,77.8%,79.1%,76.3%,77.3%,82.0%,74.1%,69.2%,74.6%,72.5%,76.6%,91.2%,79.4%,70.4%,67.4%,86.4%,113.9%,70.1%,80.0%,79.4%,69.1%,66.2%,69.1%,71.7%,75.0%,75.6%,78.4%,71.5%,68.1%,66.0%,68.3%,76.9%,76.0%,75.4%,,,
상계6.7동,106.5%,99.0%,97.5%,91.1%,78.0%,97.4%,110.3%,102.2%,87.9%,96.0%,88.6%,100.0%,102.7%,108.0%,101.4%,91.4%,92.5%,94.3%,95.7%,108.5%,125.8%,111.5%,83.5%,96.3%,99.9%,104.1%,113.8%,121.8%,112.3%,106.7%,106.2%,88.8%,93.0%,103.3%,114.5%,102.3%,102.2%,96.5%,92.7%,94.7%,104.6%,115.8%,116.8%,100.7%,108.4%,88.7%,86.7%,101.2%,116.0%,112.8%,106.3%,98.6%,93.6%,98.5%,102.7%,124.6%,119.8%,102.4%,95.0%,105.3%,105.8%,113.1%,130.6%,117.4%,102.0%,107.6%,118.4%,111.2%,112.8%,124.2%,108.7%,99.4%,107.5%,109.3%,96.8%,106.9%,118.3%,114.8%,117.8%,98.5%,104.2%,103.7%,117.9%,147.2%,117.5%,113.4%,88.0%,118.0%,106.6%,112.1%,124.9%,99.8%,89.4%,109.5%,108.1%,107.4%,121.2%,122.1%,115.7%,94.1%,100.7%,96.5%,108.9%,117.8%,129.6%,115.5%,110.5%,120.9%,110.4%,119.5%,119.7%,128.2%,129.2%,123.0%,125.3%,114.4%,117.9%,126.3%,125.0%,109.1%,125.7%,126.2%,148.4%,126.4%,132.0%,130.6%,113.8%,117.2%,117.1%,114.9%,118.7%,121.4%,131.0%,118.4%,109.9%,118.9%,120.1%,109.3%,115.2%,124.5%,117.9%,112.6%,119.8%,120.9%,114.6%,114.9%,121.3%,121.2%,97.4%,124.7%,100.2%,115.6%,119.6%,141.0%,117.6%,98.7%,104.8%,203.9%,108.4%,117.7%,133.3%,128.9%,104.5%,106.0%,116.2%,112.9%,120.6%,128.5%,116.3%,104.3%,116.5%,107.0%,102.6%,118.6%,124.0%,115.6%,110.5%,108.7%,109.8%,106.1%,114.1%,127.3%,121.0%,100.9%,111.9%,117.7%,110.2%,106.7%,118.2%,125.3%,105.0%,111.1%,97.4%,96.6%,112.0%,120.0%,119.2%,104.9%,108.4%,102.7%,98.9%,111.7%,127.7%,119.4%,100.1%,104.4%,101.0%,105.6%,109.3%,120.3%,117.0%,91.7%,100.3%,102.9%,107.0%,115.1%,125.5%,124.7%,106.8%,112.4%,114.5%,105.9%,137.8%,150.4%,161.2%,118.7%,108.8%,103.3%,107.3%,109.1%,111.0%,101.5%,92.2%,96.8%,93.5%,91.8%,98.1%,112.1%,101.0%,97.8%,92.2%,89.1%,88.7%,95.0%,106.7%,98.3%,85.0%,92.3%,80.9%,90.5%,89.0%,99.7%,94.1%,87.8%,88.9%,89.0%,88.3%,91.1%,106.3%,93.5%,84.1%,88.9%,94.6%,110.7%,97.8%,103.3%,96.8%,89.7%,91.5%,86.3%,84.1%,90.6%,96.5%,85.4%,92.8%,93.9%,88.9%,87.0%,90.4%,98.7%,91.4%,89.3%,84.0%,90.3%,85.5%,94.7%,102.9%,93.1%,84.9%,89.8%,94.0%,89.9%,93.0%,99.5%,94.2%,88.3%,90.3%,92.1%,92.9%,92.3%,88.6%,95.2%,149.5%,90.6%,85.9%,88.8%,99.5%,101.6%,96.2%,78.9%,94.3%,86.7%,88.0%,96.8%,108.6%,91.0%,86.4%,89.8%,101.6%,125.0%,97.0%,102.7%,85.5%,87.7%,86.0%,95.2%,91.2%,96.2%,111.2%,103.5%,87.2%,96.7%,91.4%,99.1%,98.9%,97.1%,103.2%,85.5%,83.8%,87.7%,91.2%,99.3%,110.2%,113.1%,87.1%,90.0%,108.1%,144.1%,113.0%,107.9%,99.9%,89.2%,87.3%,101.6%,90.1%,95.9%,106.5%,103.9%,88.7%,90.5%,96.8%,98.6%,100.3%,113.8%,90.8%,,,
상계8동,120.6%,122.4%,125.5%,127.2%,109.7%,127.2%,147.4%,101.9%,109.8%,128.1%,114.3%,120.8%,151.4%,121.9%,130.8%,104.9%,119.4%,106.4%,112.7%,135.7%,157.7%,120.9%,100.9%,104.9%,119.2%,120.4%,148.5%,152.8%,144.8%,145.8%,105.2%,100.4%,116.9%,118.4%,125.1%,108.3%,128.0%,128.8%,118.3%,114.5%,144.4%,130.5%,132.9%,112.9%,139.7%,112.5%,107.6%,120.7%,153.2%,135.5%,132.1%,110.1%,141.3%,122.8%,128.5%,157.5%,124.5%,124.1%,115.0%,145.0%,131.8%,144.2%,167.4%,121.6%,117.2%,145.7%,137.1%,114.3%,154.4%,156.9%,142.8%,116.0%,138.3%,155.7%,123.2%,139.4%,159.8%,140.2%,143.6%,114.5%,128.5%,129.0%,125.0%,185.4%,146.2%,139.9%,109.6%,145.0%,142.1%,148.6%,155.6%,121.0%,119.0%,139.5%,144.5%,139.6%,141.9%,154.2%,139.9%,114.5%,119.8%,123.9%,150.9%,146.7%,160.8%,151.4%,117.7%,158.1%,125.8%,145.3%,139.2%,152.1%,139.4%,133.8%,125.2%,158.1%,128.2%,129.9%,159.6%,129.2%,127.6%,135.6%,127.3%,109.9%,136.6%,148.6%,128.7%,123.9%,134.0%,125.6%,130.7%,142.2%,154.9%,155.3%,132.0%,136.4%,152.3%,148.8%,159.5%,182.5%,130.6%,143.1%,136.1%,168.9%,147.5%,128.9%,182.2%,156.0%,132.9%,122.1%,118.2%,152.0%,170.9%,168.2%,150.5%,116.9%,128.5%,148.7%,125.6%,160.8%,178.4%,151.6%,136.6%,139.9%,143.0%,145.0%,157.0%,162.1%,126.5%,133.5%,153.4%,126.7%,132.3%,129.4%,172.5%,153.9%,197.2%,134.8%,138.9%,137.6%,151.8%,165.7%,138.1%,131.2%,152.3%,141.7%,137.0%,134.9%,152.3%,151.2%,153.7%,145.8%,125.3%,128.4%,153.1%,160.1%,140.6%,124.5%,134.3%,136.6%,146.8%,133.6%,172.4%,149.0%,120.8%,128.8%,122.6%,125.6%,132.9%,145.7%,129.7%,114.9%,132.2%,118.1%,123.9%,126.6%,149.7%,133.6%,126.8%,125.7%,127.9%,104.0%,143.2%,190.2%,209.2%,119.5%,125.2%,133.2%,120.2%,121.7%,142.9%,114.5%,109.6%,17.5%,0.0%,0.0%,0.0%,0.0%,0.0%,0.0%,0.0%,0.0%,33.2%,133.8%,148.6%,158.8%,141.0%,143.1%,122.0%,126.3%,125.6%,147.8%,132.4%,134.1%,123.7%,125.0%,127.4%,123.7%,143.6%,132.6%,130.0%,149.3%,124.4%,148.0%,148.3%,176.0%,138.8%,131.4%,126.5%,125.8%,119.4%,146.8%,146.6%,146.1%,149.1%,121.2%,117.0%,135.9%,150.0%,138.0%,124.3%,120.9%,132.3%,132.5%,150.2%,155.1%,168.7%,153.8%,127.5%,153.5%,149.6%,148.2%,147.7%,161.8%,124.7%,133.3%,141.5%,136.3%,150.9%,159.3%,163.0%,173.9%,133.3%,149.2%,149.7%,129.8%,171.8%,155.3%,128.0%,141.7%,178.8%,155.0%,147.2%,151.0%,155.4%,165.5%,151.4%,148.6%,188.1%,216.0%,146.5%,149.0%,143.6%,138.2%,133.6%,140.7%,151.9%,158.6%,166.6%,157.3%,142.6%,155.7%,152.7%,164.5%,158.9%,155.6%,129.7%,157.0%,140.7%,144.8%,141.1%,175.3%,178.1%,172.5%,146.5%,144.2%,219.4%,265.7%,149.2%,178.7%,145.1%,134.9%,150.9%,128.4%,140.1%,157.9%,178.8%,165.2%,136.7%,134.9%,146.2%,134.5%,160.2%,159.3%,158.1%,,,
상계9동,86.8%,99.6%,85.6%,86.2%,80.4%,86.9%,94.7%,98.5%,90.2%,98.4%,88.0%,87.1%,99.0%,94.8%,93.9%,97.0%,94.0%,96.4%,91.6%,98.3%,119.1%,92.0%,87.5%,88.5%,92.6%,92.2%,100.2%,108.6%,100.8%,100.3%,95.9%,73.7%,93.2%,96.4%,100.0%,86.5%,93.0%,99.6%,97.2%,95.7%,102.7%,100.0%,97.1%,92.9%,99.2%,82.8%,90.4%,88.7%,105.6%,90.5%,97.6%,87.2%,88.8%,88.9%,100.7%,112.9%,107.1%,100.2%,102.2%,100.1%,95.8%,97.3%,120.0%,108.6%,95.0%,100.7%,97.7%,99.0%,106.6%,96.1%,100.7%,102.9%,104.2%,119.9%,94.3%,98.0%,115.5%,99.7%,109.1%,102.6%,102.2%,101.9%,116.0%,129.7%,107.3%,106.0%,85.1%,100.1%,100.3%,104.7%,116.3%,91.8%,94.1%,97.7%,96.8%,101.7%,92.2%,106.0%,104.1%,93.5%,86.9%,93.2%,99.1%,101.1%,105.0%,104.2%,99.0%,93.4%,96.9%,101.6%,99.5%,120.4%,103.9%,100.1%,109.7%,96.2%,101.6%,104.6%,100.1%,99.8%,102.0%,99.6%,110.1%,105.0%,107.7%,110.0%,101.4%,103.8%,99.6%,107.0%,99.5%,109.9%,119.0%,106.4%,103.3%,101.7%,92.2%,105.3%,108.6%,110.7%,103.5%,93.4%,99.6%,106.4%,103.5%,90.9%,112.4%,100.7%,94.7%,95.1%,97.6%,99.8%,108.9%,114.2%,90.3%,93.8%,97.5%,103.2%,97.5%,104.3%,106.3%,104.7%,92.1%,103.3%,100.5%,104.6%,97.6%,108.5%,98.4%,98.4%,102.0%,104.5%,108.5%,106.1%,106.7%,125.2%,130.4%,92.8%,96.8%,107.8%,107.9%,109.3%,95.3%,97.7%,93.8%,96.7%,102.2%,96.6%,96.4%,107.7%,99.5%,98.1%,101.7%,89.7%,106.4%,99.1%,103.1%,93.4%,93.6%,95.6%,91.9%,102.2%,97.7%,95.3%,93.3%,94.4%,93.1%,90.9%,89.2%,102.7%,94.7%,93.4%,83.7%,94.7%,91.2%,91.3%,110.9%,95.7%,96.0%,94.2%,92.4%,86.8%,105.5%,125.5%,159.5%,107.9%,90.2%,98.7%,79.0%,98.8%,94.2%,88.3%,87.5%,84.9%,79.3%,90.7%,86.2%,92.3%,96.4%,86.1%,80.2%,85.8%,90.5%,91.8%,88.9%,87.2%,86.7%,93.5%,85.2%,94.5%,88.1%,87.8%,90.8%,84.6%,91.4%,85.5%,88.1%,93.2%,89.3%,84.0%,90.4%,78.6%,85.5%,83.7%,94.2%,92.5%,85.4%,96.8%,73.5%,80.5%,86.2%,81.1%,84.8%,82.9%,83.7%,80.9%,76.4%,82.1%,87.0%,95.3%,86.2%,83.1%,81.5%,75.6%,88.7%,93.3%,80.9%,93.9%,90.1%,82.3%,88.9%,89.2%,88.9%,86.1%,74.3%,117.6%,87.8%,89.2%,89.8%,87.8%,86.6%,92.1%,88.2%,82.9%,146.9%,84.6%,88.7%,84.8%,81.1%,84.6%,98.5%,81.4%,85.0%,92.1%,81.1%,85.3%,94.3%,95.3%,113.0%,129.9%,100.0%,83.8%,78.2%,87.7%,83.1%,93.2%,93.2%,103.1%,91.5%,93.1%,94.2%,92.1%,94.9%,98.0%,88.6%,81.2%,85.8%,89.6%,79.7%,86.7%,90.9%,96.0%,93.6%,95.1%,92.9%,92.4%,97.5%,147.2%,105.4%,98.2%,82.9%,80.8%,86.9%,85.4%,84.3%,93.7%,98.6%,90.6%,86.9%,92.7%,85.9%,94.0%,98.7%,93.8%,89.9%,,,
숭인1동,100.7%,104.1%,111.5%,105.9%,98.4%,114.1%,105.5%,115.3%,116.3%,111.1%,117.3%,106.5%,112.5%,112.8%,109.9%,102.4%,116.8%,102.5%,103.8%,119.3%,120.2%,135.8%,107.5%,110.3%,112.4%,126.3%,121.8%,109.7%,118.8%,115.7%,99.9%,103.3%,105.9%,116.8%,125.8%,109.8%,107.7%,119.6%,111.1%,110.9%,117.6%,106.4%,128.4%,118.0%,120.4%,105.0%,103.3%,121.7%,116.5%,111.4%,104.0%,115.4%,108.7%,113.7%,128.1%,118.2%,130.1%,118.9%,119.3%,119.5%,106.5%,113.6%,135.8%,116.9%,119.9%,113.5%,127.1%,125.1%,113.4%,129.6%,129.3%,113.9%,118.2%,126.8%,115.8%,126.3%,130.5%,111.1%,131.3%,116.4%,124.7%,117.8%,119.7%,137.1%,132.1%,106.7%,110.4%,144.0%,117.8%,126.3%,123.4%,115.2%,108.8%,133.8%,132.5%,116.6%,125.0%,118.1%,124.8%,108.6%,107.8%,123.0%,149.8%,115.5%,132.8%,114.0%,122.9%,125.2%,126.1%,122.1%,131.8%,133.3%,139.6%,133.3%,146.2%,122.8%,143.7%,136.0%,124.8%,119.4%,136.6%,141.5%,138.0%,143.0%,149.5%,131.3%,125.6%,115.8%,111.5%,119.0%,141.0%,141.2%,127.2%,133.9%,122.8%,153.4%,135.4%,136.9%,134.9%,121.8%,128.1%,137.9%,128.9%,139.7%,135.3%,129.0%,134.5%,124.4%,122.7%,92.0%,133.4%,117.9%,133.9%,122.5%,123.6%,115.8%,134.7%,125.2%,141.2%,119.5%,130.2%,134.6%,121.7%,127.6%,122.2%,123.5%,224.9%,140.3%,107.3%,118.2%,122.4%,132.9%,119.0%,115.0%,122.1%,133.5%,132.8%,111.9%,106.5%,119.2%,120.0%,115.8%,119.3%,109.6%,122.1%,129.4%,102.7%,116.5%,117.1%,111.4%,114.5%,111.9%,113.0%,116.7%,127.0%,125.3%,130.1%,103.9%,115.6%,112.5%,119.2%,117.4%,119.9%,117.6%,110.0%,114.3%,116.2%,105.8%,110.0%,107.3%,119.6%,105.7%,115.4%,112.2%,112.8%,99.8%,124.6%,109.3%,111.0%,116.9%,124.8%,105.9%,134.4%,143.4%,165.8%,120.7%,118.9%,122.5%,105.5%,113.2%,109.1%,101.8%,109.4%,112.1%,108.5%,101.0%,109.9%,110.0%,107.2%,101.6%,106.1%,95.0%,104.5%,99.5%,108.0%,109.9%,117.6%,109.5%,102.5%,102.5%,104.2%,91.3%,115.8%,97.4%,98.3%,104.5%,101.3%,106.3%,106.3%,94.1%,85.0%,98.2%,103.1%,115.1%,107.2%,97.1%,111.0%,94.7%,79.1%,99.5%,99.9%,88.2%,109.5%,81.3%,118.6%,100.1%,82.4%,94.7%,103.2%,91.5%,91.0%,93.4%,95.7%,90.9%,94.0%,111.1%,96.6%,111.8%,96.2%,97.8%,96.2%,95.3%,100.4%,101.0%,90.6%,88.8%,90.3%,97.3%,101.0%,96.7%,99.4%,104.7%,87.4%,94.9%,102.4%,102.3%,94.4%,95.0%,95.1%,93.2%,111.2%,93.0%,93.5%,107.3%,91.2%,103.5%,102.6%,96.0%,106.0%,148.1%,97.4%,96.7%,81.7%,94.1%,110.7%,91.3%,101.6%,100.1%,113.6%,108.6%,92.9%,105.9%,100.7%,106.8%,109.3%,92.0%,91.3%,93.9%,97.3%,110.7%,101.8%,108.4%,111.3%,103.6%,111.2%,99.6%,118.1%,161.5%,115.9%,107.4%,97.7%,90.9%,98.2%,103.6%,99.0%,107.0%,116.5%,119.6%,96.0%,109.3%,104.3%,112.4%,104.5%,109.2%,100.2%,,,
숭인2동,116.8%,111.0%,112.9%,105.1%,105.9%,115.2%,115.9%,122.2%,96.1%,107.1%,109.8%,113.1%,118.4%,114.8%,120.5%,102.5%,117.5%,106.5%,113.9%,115.3%,128.3%,123.4%,99.5%,106.3%,114.8%,109.4%,117.9%,123.3%,126.0%,112.1%,117.3%,107.6%,108.6%,118.3%,132.6%,116.7%,110.0%,103.3%,108.4%,109.7%,115.0%,124.9%,134.0%,108.6%,120.3%,109.8%,112.7%,113.2%,124.9%,125.9%,109.2%,112.0%,102.1%,112.2%,115.2%,132.8%,138.2%,109.2%,113.3%,117.8%,113.2%,119.0%,135.4%,133.9%,109.2%,112.5%,115.9%,113.9%,119.7%,137.1%,128.9%,108.0%,112.2%,116.8%,113.1%,119.0%,133.1%,123.5%,119.0%,108.8%,115.3%,118.7%,131.1%,138.5%,135.4%,109.6%,113.6%,120.5%,115.7%,121.2%,135.6%,99.8%,98.1%,113.4%,113.8%,116.2%,114.2%,132.7%,134.5%,97.2%,114.8%,109.2%,119.8%,121.8%,134.7%,140.5%,117.7%,114.8%,119.4%,112.7%,129.9%,136.4%,145.8%,119.3%,121.5%,119.4%,117.6%,123.4%,141.5%,135.4%,122.5%,129.4%,129.9%,134.3%,140.7%,145.6%,128.7%,111.0%,110.2%,109.8%,110.8%,116.7%,132.9%,144.3%,118.8%,129.4%,132.7%,121.6%,128.7%,134.8%,140.9%,118.0%,123.4%,136.3%,131.3%,115.2%,138.7%,136.6%,112.8%,122.6%,119.2%,126.1%,129.9%,137.0%,141.7%,107.0%,115.9%,130.3%,124.7%,125.1%,139.8%,149.6%,116.4%,120.5%,130.4%,127.3%,119.0%,128.2%,132.3%,117.7%,120.6%,124.4%,113.3%,133.3%,137.7%,149.3%,124.7%,127.0%,117.2%,112.1%,110.6%,133.8%,127.2%,107.0%,116.2%,126.9%,119.4%,118.9%,119.2%,131.3%,119.4%,118.3%,115.3%,116.7%,111.5%,120.5%,135.3%,117.4%,123.7%,116.7%,119.5%,119.1%,131.2%,138.3%,110.3%,116.9%,117.8%,118.8%,111.0%,121.8%,124.8%,108.0%,112.0%,117.1%,117.2%,111.0%,117.5%,130.9%,107.3%,117.7%,122.2%,118.3%,116.0%,142.4%,148.4%,112.8%,113.0%,107.0%,113.4%,103.4%,112.6%,116.2%,102.3%,102.8%,112.1%,108.0%,107.2%,114.2%,121.0%,106.0%,109.7%,106.5%,108.4%,102.4%,122.0%,122.8%,107.1%,102.3%,107.5%,108.5%,105.7%,113.1%,112.7%,102.8%,104.4%,108.9%,105.4%,108.2%,115.3%,108.0%,106.4%,109.3%,112.4%,120.8%,111.0%,122.1%,132.6%,109.8%,122.0%,110.5%,108.7%,98.4%,110.7%,107.7%,102.7%,105.3%,97.3%,103.9%,97.6%,108.3%,112.2%,95.9%,95.7%,93.3%,97.2%,101.3%,111.4%,112.9%,99.1%,97.9%,95.7%,100.6%,97.6%,111.2%,107.3%,94.1%,106.4%,93.9%,103.1%,107.3%,113.5%,109.6%,99.0%,99.5%,91.9%,140.4%,107.1%,98.3%,101.0%,98.1%,96.6%,93.9%,114.8%,103.6%,112.4%,113.8%,97.4%,104.7%,116.1%,135.4%,102.8%,108.0%,109.3%,99.7%,105.6%,104.8%,106.1%,106.0%,119.3%,124.0%,106.3%,110.2%,108.9%,110.3%,116.4%,123.0%,115.5%,100.7%,113.7%,110.1%,110.6%,107.9%,124.0%,120.7%,103.6%,109.8%,120.3%,150.3%,114.9%,112.6%,116.1%,101.2%,105.0%,115.2%,106.5%,109.8%,114.6%,116.4%,111.0%,108.9%,111.6%,108.9%,110.9%,119.7%,108.7%,,,
월계1동,85.6%,93.6%,102.9%,96.0%,93.0%,91.9%,79.2%,85.3%,94.6%,98.3%,97.4%,103.5%,98.6%,88.4%,89.3%,94.8%,101.7%,100.0%,99.6%,99.3%,98.2%,93.9%,87.2%,97.7%,102.2%,106.5%,102.0%,87.1%,88.7%,102.9%,110.4%,105.3%,98.7%,100.3%,82.5%,74.4%,79.1%,99.5%,101.6%,97.9%,102.8%,96.6%,87.2%,102.3%,108.5%,102.2%,91.6%,102.5%,93.9%,90.8%,94.5%,85.7%,99.0%,101.2%,104.2%,92.0%,95.2%,105.5%,109.4%,106.3%,112.6%,103.8%,100.6%,97.2%,108.9%,114.9%,98.4%,111.1%,104.7%,103.0%,92.8%,108.6%,108.7%,101.5%,100.9%,103.2%,102.1%,99.0%,111.3%,99.7%,105.9%,103.8%,101.5%,110.0%,90.2%,88.2%,85.8%,98.6%,88.0%,86.4%,95.2%,78.0%,71.3%,87.0%,90.5%,85.2%,85.7%,82.4%,81.4%,74.9%,76.8%,83.3%,83.1%,90.5%,87.0%,82.3%,79.6%,83.0%,82.3%,87.7%,93.0%,92.6%,88.4%,85.3%,82.2%,88.6%,84.8%,82.0%,90.3%,85.1%,85.1%,87.7%,95.0%,86.3%,89.8%,83.3%,83.3%,87.3%,80.0%,90.1%,79.0%,83.4%,87.3%,87.9%,83.9%,86.1%,82.1%,83.2%,84.4%,90.4%,88.6%,86.0%,83.6%,90.8%,93.2%,83.4%,90.7%,93.1%,90.6%,95.4%,101.8%,97.8%,99.1%,112.7%,95.4%,97.6%,107.3%,109.3%,111.9%,109.1%,105.3%,98.3%,106.3%,115.9%,110.9%,113.6%,116.5%,99.6%,93.1%,110.3%,117.0%,114.4%,107.4%,103.0%,87.9%,85.4%,102.3%,78.1%,81.4%,108.8%,100.6%,94.1%,101.9%,100.4%,109.6%,96.8%,113.1%,103.8%,92.6%,99.9%,108.0%,94.7%,105.3%,106.5%,108.1%,97.9%,101.0%,106.6%,109.5%,103.8%,97.2%,97.9%,92.2%,98.6%,97.8%,108.5%,101.7%,110.5%,95.9%,92.0%,97.7%,96.6%,106.4%,114.7%,106.5%,103.9%,97.2%,96.2%,96.5%,104.1%,105.2%,100.4%,107.3%,116.2%,119.4%,102.8%,103.1%,103.8%,97.9%,95.0%,93.2%,84.4%,90.5%,93.7%,91.6%,96.2%,89.7%,98.2%,93.7%,92.9%,90.7%,103.8%,96.7%,98.8%,95.6%,90.3%,97.0%,91.5%,92.6%,93.6%,88.1%,84.5%,91.0%,90.5%,90.3%,93.1%,83.6%,90.4%,98.4%,82.4%,74.2%,79.2%,82.1%,79.0%,80.9%,82.4%,76.7%,74.3%,69.1%,69.1%,74.4%,73.2%,69.0%,68.2%,70.2%,66.4%,66.0%,66.0%,78.2%,79.6%,68.9%,70.6%,67.3%,69.7%,67.5%,72.2%,81.1%,72.3%,68.3%,67.0%,73.0%,71.6%,72.9%,76.7%,74.6%,64.2%,72.2%,68.1%,70.6%,73.5%,71.9%,76.9%,63.7%,69.2%,71.2%,68.9%,75.2%,68.2%,65.0%,62.5%,72.7%,60.7%,62.9%,74.1%,71.9%,75.9%,71.4%,75.2%,82.4%,98.2%,75.8%,79.7%,74.2%,73.4%,72.4%,81.0%,70.0%,76.8%,78.2%,87.3%,75.5%,74.2%,71.0%,76.4%,83.3%,77.4%,81.1%,95.6%,100.8%,91.6%,97.9%,94.8%,86.9%,81.7%,97.3%,97.8%,105.2%,128.9%,102.3%,85.7%,79.5%,88.5%,100.9%,109.1%,94.9%,87.5%,94.1%,77.4%,93.1%,96.1%,95.1%,95.9%,94.9%,91.5%,72.4%,,,
월계2동,85.7%,99.7%,94.2%,92.7%,80.5%,91.2%,89.2%,95.9%,94.0%,93.1%,98.9%,93.0%,98.8%,78.8%,87.2%,96.3%,94.3%,99.4%,96.9%,109.1%,102.6%,100.5%,88.5%,97.9%,100.5%,96.7%,105.7%,101.7%,92.3%,103.8%,101.6%,83.5%,102.0%,96.0%,94.2%,83.4%,94.4%,91.8%,99.1%,97.3%,100.4%,81.0%,112.9%,105.5%,91.8%,80.1%,80.3%,88.5%,98.6%,89.4%,96.1%,81.8%,101.1%,102.1%,112.7%,108.2%,99.3%,107.8%,99.5%,138.2%,108.3%,112.0%,110.0%,102.0%,111.1%,106.0%,99.3%,104.6%,100.6%,105.0%,115.3%,98.2%,104.6%,101.1%,90.0%,99.7%,110.4%,102.1%,110.3%,99.1%,100.9%,101.8%,114.5%,108.4%,105.8%,102.9%,80.5%,99.7%,97.8%,102.1%,99.4%,85.5%,83.6%,89.1%,97.2%,90.1%,95.0%,93.3%,97.3%,78.2%,82.1%,89.1%,98.3%,101.0%,97.5%,100.4%,94.4%,99.2%,99.6%,99.9%,102.6%,105.6%,118.4%,102.3%,102.1%,95.6%,97.5%,103.6%,92.7%,97.8%,103.0%,101.5%,107.0%,100.3%,110.6%,106.5%,89.4%,90.3%,86.9%,91.3%,97.4%,99.7%,98.2%,100.3%,102.9%,110.1%,100.3%,103.6%,115.7%,102.5%,99.5%,107.1%,99.7%,105.0%,113.2%,88.4%,100.5%,112.8%,91.0%,85.9%,93.2%,105.4%,106.6%,111.1%,97.4%,93.4%,104.6%,104.8%,94.0%,110.4%,102.1%,116.0%,105.9%,105.6%,105.5%,112.2%,102.9%,103.9%,95.5%,113.2%,104.9%,99.5%,92.8%,103.5%,101.6%,114.9%,128.0%,103.8%,93.1%,105.3%,122.7%,98.0%,95.8%,96.8%,103.7%,93.1%,104.8%,90.3%,92.2%,104.5%,106.0%,96.7%,95.3%,103.5%,109.8%,101.3%,109.5%,103.7%,104.0%,98.7%,100.3%,106.3%,103.1%,97.3%,99.2%,91.7%,102.1%,103.4%,88.6%,99.6%,93.6%,98.6%,87.3%,95.6%,99.4%,96.7%,89.2%,90.2%,103.4%,96.3%,88.7%,95.4%,106.0%,110.1%,135.4%,103.4%,95.0%,91.5%,83.2%,90.2%,79.8%,92.9%,92.3%,88.6%,87.1%,86.2%,91.5%,85.9%,89.2%,89.2%,90.9%,84.3%,86.3%,90.1%,89.9%,86.5%,99.3%,87.6%,89.8%,92.4%,88.3%,81.2%,91.5%,86.2%,76.1%,83.8%,77.2%,81.6%,81.4%,73.0%,85.5%,84.4%,82.8%,85.3%,83.5%,83.7%,83.1%,86.0%,81.1%,78.3%,70.8%,85.4%,77.7%,77.3%,78.6%,81.2%,68.6%,68.0%,75.4%,74.5%,81.3%,86.0%,76.5%,78.3%,75.2%,92.7%,76.7%,79.8%,72.2%,73.2%,78.3%,78.6%,85.8%,75.4%,80.3%,77.8%,75.4%,71.8%,83.0%,86.4%,81.8%,82.0%,74.0%,86.1%,78.1%,72.8%,116.7%,84.9%,76.7%,94.1%,103.7%,81.2%,78.3%,78.1%,73.9%,91.5%,84.0%,86.5%,104.9%,101.6%,84.3%,77.2%,76.4%,74.2%,74.9%,78.5%,71.8%,81.1%,86.0%,90.7%,82.7%,77.8%,80.8%,77.9%,82.7%,79.5%,88.4%,82.6%,81.3%,87.6%,83.6%,93.8%,90.3%,92.0%,82.5%,89.1%,109.8%,119.1%,90.9%,83.9%,88.2%,80.2%,83.0%,78.9%,80.2%,92.1%,86.1%,89.1%,95.3%,91.7%,92.9%,91.8%,97.6%,77.7%,78.2%,,,
월계3동,107.8%,102.8%,96.8%,101.7%,94.1%,104.9%,114.0%,112.5%,99.4%,97.9%,104.9%,98.5%,107.0%,106.9%,108.7%,102.2%,98.8%,100.9%,101.2%,116.5%,137.9%,128.6%,94.4%,102.2%,109.4%,106.7%,106.5%,120.6%,112.5%,122.3%,107.8%,100.4%,101.2%,114.9%,118.9%,107.2%,110.6%,109.2%,99.8%,107.1%,108.4%,105.6%,127.5%,105.5%,115.4%,102.1%,95.0%,105.9%,134.6%,118.3%,105.4%,100.6%,99.4%,106.6%,116.4%,129.6%,131.8%,112.9%,110.1%,111.4%,114.4%,127.1%,133.3%,129.6%,105.6%,123.8%,128.4%,112.7%,113.2%,128.4%,130.3%,106.7%,116.2%,127.3%,98.6%,116.0%,128.2%,120.0%,112.8%,102.2%,107.3%,108.4%,123.7%,136.2%,133.0%,113.8%,92.0%,122.4%,104.9%,121.4%,118.2%,95.7%,94.2%,110.0%,113.8%,104.0%,113.5%,120.5%,129.6%,143.3%,102.9%,113.2%,111.9%,115.4%,126.0%,123.6%,112.8%,111.1%,104.8%,110.0%,128.0%,131.6%,136.0%,117.2%,116.6%,113.9%,113.8%,114.6%,117.8%,116.7%,114.7%,114.8%,120.3%,119.5%,123.6%,114.6%,110.6%,112.6%,104.1%,107.3%,106.5%,125.7%,119.5%,126.7%,113.2%,112.1%,110.2%,111.8%,115.4%,128.6%,116.7%,115.1%,110.2%,121.1%,112.1%,104.9%,122.0%,133.2%,108.8%,101.1%,99.9%,112.4%,123.9%,133.3%,114.3%,96.4%,108.1%,110.9%,110.6%,109.3%,128.2%,134.9%,108.2%,112.5%,115.6%,109.5%,110.0%,124.2%,114.0%,111.6%,111.3%,107.1%,100.0%,113.6%,121.1%,154.5%,156.6%,112.8%,105.2%,101.7%,111.7%,123.2%,110.8%,100.4%,111.0%,110.1%,100.5%,111.1%,105.3%,112.2%,115.7%,107.1%,103.3%,94.8%,110.6%,121.1%,128.7%,103.9%,104.5%,104.7%,97.6%,107.7%,115.0%,107.3%,108.7%,139.5%,107.0%,98.2%,102.0%,113.1%,109.6%,97.0%,95.1%,100.4%,95.6%,106.1%,116.5%,103.6%,101.1%,97.4%,106.5%,88.3%,119.5%,141.8%,161.7%,107.1%,97.3%,98.0%,95.5%,104.8%,105.7%,102.9%,94.8%,95.7%,95.2%,95.1%,100.3%,109.4%,118.7%,100.3%,89.7%,95.4%,96.7%,101.8%,104.8%,106.6%,91.3%,93.7%,87.2%,97.4%,96.8%,95.5%,106.4%,92.0%,90.5%,93.9%,91.7%,95.2%,111.7%,93.6%,94.2%,85.8%,92.2%,89.1%,92.6%,103.8%,113.4%,88.6%,85.4%,84.3%,89.2%,91.2%,96.8%,94.7%,101.8%,87.1%,83.3%,85.3%,90.7%,93.1%,82.6%,94.1%,83.9%,90.5%,92.4%,93.1%,101.0%,108.0%,91.2%,87.4%,83.2%,88.4%,92.1%,96.2%,84.0%,80.6%,89.1%,86.1%,91.7%,95.0%,94.9%,105.3%,90.0%,87.3%,92.0%,97.6%,98.9%,99.9%,96.8%,106.7%,137.1%,89.5%,89.5%,88.4%,90.0%,101.4%,102.6%,96.6%,107.2%,136.1%,94.2%,96.9%,91.8%,86.4%,85.4%,94.4%,92.9%,94.0%,103.2%,109.3%,96.2%,93.7%,91.8%,99.4%,95.1%,92.1%,96.4%,94.6%,91.7%,93.9%,93.3%,105.0%,104.3%,112.9%,93.8%,106.5%,115.7%,144.8%,106.5%,97.9%,97.0%,85.1%,89.2%,93.0%,88.4%,93.7%,101.7%,103.9%,89.3%,92.5%,89.9%,85.6%,103.5%,90.7%,87.2%,,,
이화동,118.2%,93.6%,104.6%,106.6%,94.5%,115.4%,115.9%,166.7%,93.2%,117.4%,113.4%,114.6%,116.7%,112.4%,106.9%,89.1%,103.7%,110.9%,104.6%,132.6%,151.7%,137.0%,83.3%,94.0%,116.7%,122.2%,137.1%,124.9%,125.1%,99.9%,114.7%,103.6%,113.9%,147.1%,150.4%,124.2%,117.0%,91.5%,114.5%,116.0%,149.9%,126.0%,152.1%,95.5%,123.6%,117.5%,118.7%,135.5%,190.2%,131.4%,111.8%,164.5%,125.9%,131.9%,143.6%,157.1%,144.4%,112.3%,127.3%,129.3%,120.8%,143.8%,154.2%,144.0%,96.7%,114.1%,128.4%,111.7%,122.9%,235.3%,155.6%,106.1%,108.0%,124.4%,100.0%,119.4%,145.2%,131.9%,123.6%,126.9%,115.6%,115.7%,124.9%,147.6%,137.7%,116.5%,104.0%,115.8%,126.5%,125.5%,157.4%,99.0%,88.9%,106.7%,118.0%,117.5%,115.9%,193.6%,142.1%,86.7%,110.4%,122.9%,129.7%,132.8%,158.5%,134.9%,108.6%,118.5%,117.9%,119.2%,114.0%,139.3%,140.3%,100.8%,115.8%,129.1%,130.6%,130.4%,151.5%,135.4%,111.2%,132.2%,140.9%,134.1%,133.6%,134.3%,121.6%,118.3%,121.9%,128.3%,146.9%,131.2%,156.3%,160.9%,109.9%,134.3%,188.3%,125.4%,142.5%,164.1%,145.9%,110.6%,118.2%,132.7%,128.2%,116.9%,156.3%,152.2%,99.1%,111.4%,117.9%,126.0%,130.3%,161.0%,144.2%,108.1%,116.2%,122.7%,130.4%,271.4%,163.9%,165.6%,101.7%,114.1%,120.2%,122.5%,152.5%,172.6%,151.8%,101.6%,118.9%,212.2%,115.9%,274.3%,125.4%,131.7%,100.4%,142.8%,105.8%,105.8%,117.7%,164.4%,137.0%,106.4%,111.7%,138.1%,135.8%,123.0%,127.7%,136.7%,120.5%,119.2%,105.7%,115.4%,128.2%,144.6%,139.0%,95.1%,122.8%,116.2%,120.2%,149.6%,143.4%,137.6%,107.2%,116.3%,138.8%,124.5%,142.2%,135.4%,143.2%,110.2%,97.2%,114.7%,117.0%,131.0%,151.1%,140.7%,95.5%,107.9%,111.9%,100.5%,131.0%,174.9%,213.6%,93.7%,103.8%,110.7%,106.5%,120.4%,132.8%,126.3%,96.7%,103.8%,112.2%,111.3%,118.6%,132.2%,127.1%,95.2%,107.8%,120.0%,128.9%,122.7%,135.7%,128.3%,101.6%,107.0%,110.8%,122.8%,121.9%,117.9%,120.5%,92.6%,112.9%,112.4%,114.7%,132.4%,131.2%,125.5%,102.9%,129.1%,119.1%,109.4%,138.4%,131.1%,121.5%,130.4%,145.6%,104.7%,116.0%,100.2%,107.6%,102.0%,104.2%,90.8%,86.4%,98.3%,105.9%,113.0%,101.8%,81.1%,88.6%,96.6%,99.0%,107.7%,127.8%,120.5%,84.6%,95.8%,104.8%,95.7%,140.7%,123.0%,104.1%,82.4%,92.0%,91.1%,93.4%,106.4%,110.6%,117.2%,84.2%,93.1%,90.5%,163.3%,90.9%,83.7%,82.8%,76.9%,70.3%,86.5%,74.9%,85.3%,98.5%,108.0%,83.0%,95.2%,94.3%,121.3%,109.5%,113.2%,108.1%,97.5%,111.2%,112.4%,121.4%,128.2%,152.0%,136.3%,123.1%,129.2%,142.7%,142.6%,136.8%,138.8%,131.3%,132.3%,148.0%,155.0%,148.9%,142.6%,152.4%,144.8%,144.0%,160.4%,169.0%,192.7%,184.1%,155.0%,141.2%,147.9%,149.7%,191.7%,164.9%,165.5%,170.7%,150.2%,152.6%,160.5%,158.2%,175.0%,162.6%,151.8%,153.6%,,,
종로1.2.3.4가동,125.5%,177.0%,187.7%,179.5%,180.5%,180.4%,151.0%,141.9%,169.9%,194.8%,179.7%,182.5%,189.5%,163.9%,121.9%,175.0%,182.5%,183.8%,193.8%,201.3%,175.8%,134.6%,164.0%,177.8%,188.8%,189.1%,196.6%,170.4%,139.2%,183.2%,153.4%,186.0%,194.5%,199.5%,175.7%,157.8%,131.6%,168.9%,186.3%,189.4%,202.2%,169.4%,143.5%,187.1%,199.3%,198.3%,194.5%,188.1%,187.8%,150.0%,189.9%,193.7%,176.6%,190.6%,199.0%,186.3%,143.0%,190.5%,202.9%,194.2%,204.0%,198.6%,178.4%,142.4%,189.3%,197.4%,158.1%,186.7%,186.8%,195.9%,132.6%,188.6%,189.0%,145.2%,186.1%,190.3%,168.5%,142.8%,210.3%,177.8%,191.3%,195.6%,201.3%,197.1%,154.2%,196.1%,188.8%,200.9%,210.8%,202.1%,190.3%,120.5%,175.9%,197.5%,200.4%,200.9%,194.6%,163.4%,139.9%,178.0%,196.0%,198.6%,210.1%,203.7%,178.1%,144.3%,195.5%,195.6%,205.1%,212.9%,211.5%,180.3%,147.6%,200.1%,209.1%,209.4%,207.8%,209.3%,186.3%,153.7%,203.9%,205.2%,223.0%,215.4%,218.0%,188.3%,148.6%,217.6%,207.9%,212.9%,218.7%,217.9%,188.5%,165.4%,210.1%,227.7%,204.5%,207.6%,209.3%,178.3%,146.3%,192.1%,201.4%,211.2%,209.6%,197.6%,183.4%,168.4%,186.2%,207.0%,197.0%,201.3%,203.3%,175.8%,135.3%,183.7%,183.0%,188.3%,192.1%,189.8%,167.4%,132.6%,181.0%,186.9%,210.9%,195.3%,202.1%,167.5%,149.4%,177.9%,181.1%,190.9%,170.6%,159.4%,137.8%,135.4%,144.2%,158.8%,130.9%,161.0%,175.3%,161.5%,127.1%,161.0%,179.9%,154.2%,174.2%,187.1%,146.1%,145.4%,168.8%,138.6%,159.0%,167.3%,178.6%,154.5%,133.9%,173.6%,175.9%,177.7%,181.1%,188.1%,162.3%,135.3%,175.3%,187.5%,173.1%,179.2%,188.2%,156.2%,139.2%,158.3%,167.0%,172.9%,180.1%,179.9%,163.7%,129.9%,168.2%,176.6%,173.0%,174.8%,205.2%,178.5%,161.0%,166.0%,171.7%,167.1%,173.3%,170.2%,150.2%,119.8%,149.4%,151.8%,167.5%,158.1%,170.1%,139.7%,114.3%,156.6%,161.8%,164.0%,160.0%,166.3%,143.3%,107.9%,157.2%,156.6%,152.6%,159.1%,157.5%,138.0%,110.7%,148.8%,152.7%,152.4%,159.3%,164.0%,148.3%,115.3%,148.8%,159.2%,162.5%,173.7%,174.5%,155.2%,130.7%,145.7%,134.7%,152.9%,155.7%,155.6%,132.1%,119.2%,148.6%,121.0%,140.2%,151.7%,159.6%,129.1%,107.6%,149.7%,151.5%,151.3%,155.2%,165.0%,140.6%,115.0%,151.9%,178.2%,158.6%,162.7%,178.5%,143.0%,111.0%,147.0%,152.8%,157.1%,161.8%,164.0%,144.1%,118.3%,157.5%,153.4%,158.6%,195.5%,149.1%,117.0%,120.5%,105.4%,109.0%,116.2%,132.7%,148.1%,131.3%,106.5%,148.6%,154.9%,176.8%,223.7%,156.0%,134.6%,113.5%,148.7%,159.4%,159.7%,164.7%,167.6%,151.2%,121.1%,151.3%,162.6%,162.4%,177.4%,166.2%,129.6%,109.4%,144.8%,153.9%,162.2%,159.5%,160.3%,156.2%,117.1%,152.1%,162.7%,173.8%,256.9%,186.3%,141.3%,118.0%,148.6%,159.3%,195.2%,158.7%,159.7%,153.2%,111.8%,149.1%,155.8%,158.3%,162.2%,167.8%,148.7%,111.5%,,,
종로5.6가동,75.7%,92.4%,90.2%,87.8%,88.3%,97.7%,75.7%,61.2%,78.6%,101.9%,101.0%,94.5%,114.1%,77.5%,73.5%,78.7%,99.6%,85.2%,87.2%,99.7%,92.8%,66.0%,71.3%,98.0%,94.5%,100.1%,104.7%,98.0%,70.1%,109.1%,88.3%,93.6%,93.1%,100.3%,90.9%,72.6%,77.0%,86.4%,93.4%,100.9%,105.6%,85.9%,71.4%,92.7%,104.1%,87.3%,92.9%,97.4%,104.2%,75.3%,93.6%,91.3%,87.9%,95.1%,102.5%,100.4%,74.9%,84.4%,109.4%,94.6%,102.6%,103.4%,100.0%,72.7%,89.6%,114.4%,78.3%,99.2%,95.4%,96.1%,67.0%,93.0%,103.2%,89.5%,95.1%,100.4%,93.0%,69.3%,94.5%,102.4%,106.5%,108.6%,117.2%,99.7%,76.2%,111.0%,94.8%,108.0%,103.7%,113.4%,86.9%,56.8%,83.3%,99.0%,102.8%,97.9%,101.5%,89.9%,66.5%,77.2%,95.7%,100.2%,108.0%,115.1%,93.5%,77.4%,95.5%,106.6%,108.6%,111.7%,107.4%,94.5%,86.2%,106.7%,108.5%,111.7%,106.0%,116.2%,83.6%,73.9%,99.9%,122.4%,113.7%,114.9%,112.1%,86.7%,69.0%,95.4%,100.4%,98.5%,109.4%,109.9%,101.3%,73.8%,103.1%,109.3%,94.6%,109.0%,111.3%,99.9%,72.1%,99.9%,111.6%,120.4%,116.0%,89.5%,94.8%,81.5%,92.4%,98.9%,99.2%,115.1%,120.2%,90.6%,78.4%,98.1%,104.2%,119.4%,107.5%,110.2%,92.9%,78.2%,106.9%,102.6%,110.7%,110.4%,113.5%,94.3%,82.4%,101.7%,107.6%,111.5%,98.4%,129.6%,83.6%,79.6%,75.8%,73.2%,63.8%,89.4%,99.1%,103.4%,73.9%,89.9%,102.4%,91.7%,101.2%,84.6%,95.1%,85.2%,93.0%,87.8%,85.7%,88.0%,102.0%,90.8%,75.8%,102.4%,111.3%,93.6%,97.8%,105.4%,94.5%,79.4%,93.2%,97.8%,100.5%,105.9%,98.6%,84.3%,72.4%,88.5%,93.0%,95.1%,101.5%,95.8%,100.8%,78.2%,96.4%,92.2%,94.0%,87.4%,111.6%,100.7%,74.8%,87.7%,90.9%,90.9%,94.2%,99.6%,81.9%,60.1%,76.3%,104.2%,98.1%,83.9%,84.6%,77.6%,59.6%,98.0%,82.3%,93.2%,82.3%,85.7%,82.1%,65.4%,89.0%,82.9%,84.4%,80.0%,84.4%,71.3%,64.3%,81.3%,97.6%,95.8%,85.9%,94.3%,78.3%,58.2%,78.5%,81.3%,86.2%,88.1%,101.4%,84.3%,71.6%,84.8%,90.5%,86.8%,83.6%,90.7%,76.1%,75.8%,85.3%,74.2%,71.2%,80.5%,80.0%,77.4%,62.4%,76.0%,83.2%,82.9%,92.4%,97.8%,79.3%,61.5%,85.6%,78.7%,87.4%,98.2%,92.2%,87.8%,61.3%,76.1%,77.6%,81.0%,82.8%,102.6%,84.3%,66.2%,79.5%,81.2%,88.5%,84.1%,80.5%,66.6%,63.4%,66.1%,59.3%,50.8%,70.8%,75.9%,75.3%,54.3%,77.1%,90.4%,95.1%,111.4%,82.6%,75.4%,55.5%,79.9%,87.4%,83.4%,98.8%,89.2%,100.2%,76.5%,79.8%,87.9%,80.6%,91.9%,99.4%,86.1%,62.2%,76.8%,77.0%,86.0%,88.3%,92.9%,92.2%,68.2%,73.8%,79.3%,92.7%,119.7%,100.3%,85.2%,71.7%,81.5%,89.0%,97.4%,85.1%,86.8%,84.2%,67.0%,81.7%,89.3%,82.0%,88.2%,105.3%,82.6%,62.2%,,,
중계1동,75.4%,73.8%,66.8%,74.7%,66.8%,76.3%,77.7%,81.0%,67.6%,70.2%,73.1%,75.3%,76.3%,79.4%,82.0%,74.3%,69.3%,75.7%,75.6%,83.0%,91.9%,82.2%,65.6%,76.5%,75.6%,79.4%,80.8%,81.7%,79.4%,71.5%,82.3%,69.6%,74.6%,87.0%,71.7%,66.3%,67.7%,83.3%,68.1%,77.3%,76.3%,73.4%,83.7%,75.5%,81.8%,68.9%,63.9%,72.4%,85.9%,77.8%,74.0%,72.5%,71.9%,69.5%,81.2%,85.1%,89.0%,81.2%,81.6%,81.5%,80.4%,90.5%,93.9%,87.9%,79.7%,86.8%,81.5%,78.6%,83.1%,90.7%,90.9%,83.2%,76.9%,84.7%,74.9%,87.2%,96.8%,83.3%,75.8%,82.6%,81.5%,82.9%,89.7%,106.4%,94.7%,81.5%,64.9%,92.0%,82.9%,87.7%,90.2%,75.2%,66.4%,87.1%,89.2%,86.8%,87.5%,86.8%,87.8%,75.8%,74.0%,74.0%,83.7%,88.4%,91.9%,89.3%,79.6%,85.3%,86.4%,90.5%,90.1%,90.8%,96.1%,84.6%,91.7%,86.4%,89.0%,89.5%,83.7%,80.8%,79.0%,84.4%,82.9%,85.3%,80.6%,87.5%,82.8%,79.7%,83.2%,84.1%,83.9%,93.3%,86.8%,91.9%,89.6%,91.5%,79.9%,94.8%,85.7%,91.1%,85.8%,85.8%,86.7%,93.3%,86.6%,79.2%,91.9%,90.5%,80.7%,72.5%,71.3%,85.1%,90.4%,95.6%,82.7%,72.8%,87.3%,80.3%,81.7%,130.1%,95.3%,98.6%,78.5%,84.2%,87.4%,85.4%,92.5%,100.4%,89.4%,77.4%,126.6%,82.0%,74.2%,75.2%,86.1%,84.7%,82.0%,71.7%,79.7%,85.3%,88.8%,93.8%,94.9%,82.6%,81.9%,88.0%,80.1%,77.7%,85.1%,92.7%,75.4%,74.7%,84.0%,75.7%,80.9%,85.2%,89.7%,72.2%,77.2%,73.7%,90.5%,82.0%,87.3%,81.0%,72.8%,73.0%,71.8%,74.8%,79.4%,77.7%,82.9%,72.6%,73.8%,75.2%,79.5%,77.6%,81.4%,83.4%,74.3%,77.3%,72.2%,69.3%,94.1%,103.6%,123.7%,86.2%,78.2%,85.5%,76.5%,78.5%,78.1%,78.5%,66.4%,69.2%,70.1%,77.2%,78.5%,78.0%,78.8%,76.2%,73.2%,73.8%,69.0%,74.4%,76.1%,82.7%,69.0%,66.0%,65.4%,72.6%,72.5%,73.2%,78.3%,72.2%,76.0%,68.1%,70.6%,74.2%,77.2%,69.4%,75.5%,67.2%,68.6%,81.2%,74.3%,76.4%,72.5%,73.4%,63.0%,71.0%,68.2%,74.1%,73.9%,64.1%,69.4%,65.5%,68.7%,72.7%,72.2%,68.8%,65.7%,73.7%,67.5%,67.3%,69.0%,73.8%,76.9%,76.6%,69.2%,80.6%,68.0%,64.6%,74.9%,80.5%,148.8%,71.6%,68.7%,75.7%,67.1%,71.8%,67.7%,72.2%,66.8%,68.2%,65.3%,70.0%,72.2%,75.4%,65.6%,57.0%,72.4%,61.0%,74.4%,71.3%,68.7%,69.4%,71.6%,75.1%,78.3%,105.7%,74.3%,76.1%,72.7%,68.5%,72.8%,73.2%,72.5%,79.1%,73.7%,80.1%,74.8%,75.0%,70.0%,76.4%,78.5%,73.2%,74.8%,67.3%,67.7%,67.5%,85.2%,73.3%,83.2%,81.4%,64.8%,68.5%,86.4%,105.2%,76.1%,81.9%,73.6%,68.8%,66.0%,67.4%,65.9%,70.0%,78.7%,76.9%,73.9%,67.6%,71.3%,71.1%,76.2%,77.3%,74.8%,,,
중계2.3동,130.7%,132.9%,132.5%,134.6%,129.3%,131.1%,129.2%,131.7%,129.2%,131.3%,131.5%,131.8%,149.6%,128.8%,130.6%,132.4%,130.7%,138.4%,140.8%,146.0%,148.9%,135.7%,127.2%,129.0%,140.6%,170.9%,153.4%,154.4%,134.1%,141.7%,141.5%,125.7%,135.2%,147.2%,159.8%,126.1%,146.3%,135.3%,142.1%,133.9%,139.1%,126.4%,148.5%,136.0%,148.1%,131.6%,123.5%,133.1%,154.3%,132.7%,143.6%,120.1%,145.2%,142.3%,143.5%,154.4%,152.7%,143.4%,128.1%,147.6%,144.0%,155.7%,158.1%,139.4%,148.1%,151.3%,143.6%,144.7%,154.7%,153.7%,133.7%,146.5%,147.7%,147.4%,136.0%,149.5%,157.3%,141.6%,170.4%,133.9%,144.5%,149.5%,152.1%,171.9%,149.3%,148.8%,127.5%,162.3%,151.8%,159.5%,156.9%,123.9%,132.1%,151.1%,151.4%,145.5%,158.5%,151.8%,150.7%,130.0%,139.8%,140.0%,148.3%,155.6%,159.4%,147.4%,152.8%,147.6%,149.7%,152.6%,154.0%,165.9%,152.1%,150.9%,157.7%,156.2%,152.0%,149.5%,153.1%,139.6%,151.0%,147.7%,151.6%,157.1%,145.5%,157.5%,149.1%,150.1%,151.1%,153.6%,154.4%,152.7%,162.1%,152.8%,151.9%,148.3%,145.7%,161.0%,164.8%,152.5%,145.4%,154.4%,149.2%,157.6%,167.7%,137.3%,160.2%,146.4%,144.1%,140.7%,141.7%,162.2%,154.0%,171.2%,154.4%,165.7%,157.1%,150.6%,143.3%,158.7%,167.3%,162.2%,154.4%,156.9%,149.8%,154.9%,161.1%,159.7%,148.2%,156.6%,148.3%,153.0%,139.1%,149.0%,152.5%,157.4%,163.6%,150.7%,138.4%,154.2%,131.0%,159.2%,141.3%,136.3%,142.9%,144.7%,160.6%,154.5%,151.1%,153.1%,147.7%,135.1%,138.2%,143.1%,153.0%,145.5%,161.0%,147.7%,146.1%,141.6%,150.3%,143.7%,156.0%,144.3%,143.1%,133.6%,146.2%,146.5%,146.3%,147.2%,129.7%,134.5%,138.7%,137.7%,140.6%,149.2%,152.9%,150.7%,148.6%,140.5%,147.0%,140.6%,162.0%,181.8%,198.3%,144.1%,136.7%,140.9%,131.3%,140.4%,147.3%,129.4%,129.4%,132.8%,130.6%,128.7%,139.0%,129.2%,140.8%,135.0%,131.3%,129.2%,127.6%,137.1%,133.8%,135.4%,136.6%,131.1%,130.2%,133.3%,127.2%,125.5%,129.0%,128.8%,133.4%,132.7%,122.8%,126.8%,134.7%,118.9%,128.1%,131.5%,125.9%,136.1%,133.6%,131.4%,132.1%,123.5%,103.9%,122.4%,116.4%,125.7%,117.5%,112.2%,120.5%,112.2%,113.4%,115.8%,133.0%,123.3%,126.2%,117.4%,120.2%,126.4%,126.5%,126.5%,127.7%,124.1%,124.4%,128.6%,119.9%,123.2%,130.5%,127.4%,110.7%,126.6%,121.0%,119.3%,120.9%,131.5%,125.2%,129.9%,234.8%,127.0%,140.8%,131.0%,133.8%,131.3%,110.0%,119.1%,145.8%,116.5%,128.0%,131.2%,128.5%,125.4%,129.4%,147.8%,151.9%,181.5%,136.9%,125.4%,124.1%,123.1%,124.7%,128.2%,126.0%,128.1%,136.5%,131.3%,121.8%,128.1%,123.9%,137.8%,122.7%,129.4%,127.9%,135.0%,126.8%,132.1%,131.5%,138.1%,146.4%,128.0%,126.0%,132.8%,156.9%,185.6%,139.8%,134.6%,123.3%,124.3%,130.7%,136.3%,124.8%,134.5%,132.3%,134.0%,130.2%,130.5%,132.0%,128.1%,146.1%,131.7%,111.5%,,,
중계4동,94.6%,74.2%,75.8%,71.5%,65.3%,76.5%,85.7%,86.8%,73.2%,73.1%,79.3%,78.4%,83.6%,85.4%,92.4%,78.0%,74.1%,77.6%,76.3%,93.4%,96.4%,82.9%,64.0%,74.6%,84.4%,80.3%,96.3%,91.4%,103.2%,87.1%,84.8%,71.0%,77.9%,88.3%,91.6%,88.4%,81.0%,77.3%,78.3%,84.4%,85.0%,77.6%,95.5%,80.6%,82.7%,76.2%,62.3%,73.0%,89.2%,90.7%,83.6%,80.5%,79.1%,75.9%,81.5%,90.0%,105.3%,81.7%,79.0%,77.6%,84.4%,91.4%,115.0%,105.2%,84.1%,90.3%,86.7%,81.8%,91.4%,107.1%,95.2%,75.2%,87.3%,95.6%,83.1%,88.6%,109.0%,105.2%,97.0%,86.7%,86.1%,84.0%,97.4%,114.0%,107.7%,85.7%,71.0%,101.9%,77.6%,96.9%,101.5%,86.5%,75.1%,94.6%,87.8%,89.2%,86.1%,104.2%,103.9%,68.5%,73.6%,80.8%,91.3%,89.8%,104.0%,107.7%,95.1%,90.0%,88.5%,86.0%,91.1%,106.0%,112.0%,90.6%,96.4%,89.8%,97.2%,100.3%,103.2%,100.9%,97.2%,98.4%,101.7%,94.4%,115.3%,101.5%,108.5%,104.1%,98.0%,100.2%,91.0%,100.0%,102.1%,112.4%,96.9%,96.5%,95.7%,103.6%,92.6%,111.1%,110.4%,86.8%,96.5%,97.3%,96.2%,86.7%,111.3%,105.2%,79.1%,79.2%,79.0%,94.4%,110.7%,119.4%,101.0%,78.2%,91.3%,89.5%,94.3%,98.7%,110.0%,112.1%,378.6%,86.5%,97.3%,93.1%,111.9%,107.2%,97.9%,114.6%,94.2%,89.9%,85.5%,92.1%,109.0%,101.6%,117.2%,102.5%,96.2%,91.4%,96.1%,106.6%,100.9%,77.4%,83.2%,90.6%,81.7%,74.2%,94.6%,97.5%,86.7%,90.8%,76.8%,81.1%,77.5%,97.0%,93.8%,77.0%,78.2%,78.8%,83.1%,86.9%,91.1%,91.5%,77.3%,75.0%,72.9%,82.5%,86.2%,90.9%,81.7%,77.9%,82.4%,89.0%,77.4%,87.6%,91.9%,91.4%,80.5%,75.5%,82.1%,70.9%,93.9%,122.5%,135.3%,90.1%,76.2%,80.4%,75.1%,78.8%,84.1%,92.0%,77.5%,73.4%,72.1%,83.7%,82.8%,73.1%,86.3%,77.2%,69.7%,76.3%,79.6%,82.2%,89.4%,85.6%,70.8%,71.7%,70.2%,76.3%,69.9%,75.3%,81.9%,69.7%,66.9%,72.2%,69.7%,68.4%,77.5%,83.0%,69.6%,71.2%,70.1%,73.8%,76.5%,83.4%,84.8%,76.1%,62.9%,63.1%,73.1%,70.9%,73.9%,74.9%,78.6%,68.4%,63.2%,63.8%,71.1%,73.6%,75.8%,71.4%,68.5%,75.8%,71.0%,73.6%,77.7%,80.2%,70.6%,73.8%,75.6%,72.5%,72.3%,74.0%,78.9%,354.4%,70.9%,80.2%,85.7%,78.8%,73.7%,83.5%,68.6%,72.1%,76.2%,84.3%,78.4%,82.4%,70.5%,74.4%,97.4%,67.3%,71.3%,72.3%,73.9%,80.1%,74.1%,86.0%,92.6%,118.4%,82.2%,80.7%,80.3%,76.6%,70.7%,77.2%,75.7%,78.4%,82.1%,87.8%,85.3%,75.6%,81.6%,88.9%,82.1%,81.7%,92.2%,73.7%,66.9%,76.5%,72.1%,83.6%,88.3%,88.3%,64.2%,73.6%,102.2%,113.9%,78.3%,78.9%,70.7%,76.1%,67.1%,72.6%,68.8%,82.3%,75.6%,85.2%,67.7%,78.5%,74.9%,72.6%,118.0%,78.7%,79.1%,,,
중계본동,118.3%,91.3%,94.1%,92.7%,94.0%,96.7%,125.0%,124.5%,94.9%,89.0%,92.7%,100.3%,106.2%,134.2%,121.5%,101.5%,102.0%,100.1%,102.5%,112.4%,141.8%,130.0%,90.6%,106.2%,111.6%,105.9%,98.6%,112.8%,108.7%,108.7%,111.5%,91.0%,98.3%,109.3%,106.3%,104.3%,97.2%,113.0%,92.8%,94.0%,100.6%,112.9%,124.7%,89.9%,106.6%,90.7%,93.5%,100.5%,128.7%,118.0%,96.7%,97.4%,93.8%,95.3%,98.7%,136.8%,138.3%,95.8%,96.0%,103.4%,106.7%,107.9%,153.4%,134.8%,103.0%,104.6%,113.0%,104.9%,105.5%,141.0%,129.2%,101.0%,108.0%,120.7%,102.2%,108.8%,136.8%,124.7%,109.4%,98.3%,109.0%,108.4%,117.2%,151.1%,137.5%,110.6%,94.1%,114.3%,111.7%,116.3%,149.1%,118.0%,97.9%,114.0%,120.4%,102.5%,101.9%,125.8%,122.5%,94.1%,83.8%,105.0%,97.7%,102.5%,130.0%,124.2%,101.8%,104.1%,103.2%,114.7%,112.8%,143.4%,136.9%,116.0%,112.9%,133.8%,126.3%,124.2%,135.9%,116.3%,111.2%,129.9%,125.7%,123.4%,126.9%,126.9%,125.7%,109.0%,127.5%,128.9%,126.2%,122.9%,143.4%,142.7%,115.8%,118.4%,117.5%,109.1%,116.8%,135.0%,132.1%,104.0%,105.9%,124.0%,116.9%,107.9%,142.9%,136.3%,89.1%,92.9%,98.4%,117.6%,107.9%,156.7%,135.1%,101.9%,103.7%,111.1%,115.1%,119.4%,146.0%,143.9%,106.9%,109.2%,119.3%,123.5%,123.7%,155.7%,139.4%,105.5%,107.2%,126.3%,98.9%,108.1%,132.9%,127.8%,129.6%,100.5%,116.7%,107.1%,113.7%,149.4%,132.7%,105.2%,116.0%,130.3%,116.5%,107.5%,132.8%,128.8%,107.0%,113.4%,113.1%,101.1%,114.6%,128.2%,148.2%,105.8%,100.8%,103.2%,108.7%,114.7%,140.0%,127.6%,105.1%,96.5%,110.7%,108.0%,113.1%,140.5%,143.9%,101.1%,105.4%,107.1%,102.5%,108.5%,139.0%,127.9%,97.1%,102.1%,103.6%,88.1%,122.5%,165.4%,223.7%,107.7%,100.9%,117.3%,103.7%,107.7%,123.3%,114.4%,90.6%,95.9%,105.5%,101.1%,100.9%,121.9%,133.6%,91.3%,87.8%,99.5%,90.0%,100.6%,131.1%,115.2%,94.4%,102.4%,92.7%,98.9%,94.8%,120.7%,124.4%,92.5%,101.3%,100.2%,95.7%,99.6%,111.2%,102.5%,97.2%,91.3%,95.9%,86.4%,95.7%,112.8%,122.2%,98.4%,79.1%,89.1%,86.9%,95.5%,108.0%,100.1%,101.5%,94.8%,100.2%,101.1%,100.6%,121.1%,106.0%,94.5%,105.8%,104.1%,109.9%,94.7%,120.0%,121.5%,97.6%,109.2%,107.9%,111.7%,102.4%,118.5%,112.8%,96.5%,105.2%,336.1%,112.0%,105.7%,114.0%,124.0%,100.6%,101.2%,104.6%,105.3%,115.9%,122.6%,93.8%,96.5%,116.0%,90.1%,104.4%,101.4%,129.7%,126.9%,109.0%,107.0%,130.1%,168.0%,121.1%,127.0%,118.2%,96.3%,103.7%,114.7%,116.5%,113.9%,123.7%,136.0%,99.9%,105.2%,118.2%,118.2%,102.4%,118.4%,116.2%,95.6%,94.0%,92.3%,100.4%,98.5%,142.8%,147.6%,88.0%,97.1%,123.8%,169.7%,106.8%,127.2%,118.2%,91.9%,90.4%,103.0%,93.7%,103.5%,132.8%,142.0%,91.5%,95.9%,99.1%,141.9%,106.1%,118.5%,110.2%,,,
창신1동,88.9%,82.5%,95.9%,87.7%,94.3%,90.4%,92.6%,99.4%,96.6%,105.4%,95.1%,95.5%,101.8%,89.5%,100.4%,103.7%,89.7%,101.7%,97.5%,91.2%,94.4%,100.0%,80.3%,95.8%,86.7%,89.8%,93.7%,94.3%,92.5%,100.4%,86.9%,95.0%,88.7%,102.2%,106.8%,94.7%,92.3%,93.2%,94.6%,104.5%,102.1%,92.8%,113.2%,95.6%,113.8%,92.1%,95.3%,99.0%,98.4%,103.4%,91.4%,78.1%,91.2%,88.6%,93.8%,108.0%,114.0%,102.7%,105.3%,98.1%,88.2%,119.2%,103.4%,106.9%,106.2%,111.0%,100.2%,100.0%,90.9%,92.4%,82.8%,96.3%,96.4%,94.0%,93.8%,93.4%,95.8%,93.1%,111.6%,100.2%,92.0%,95.5%,100.8%,112.0%,118.5%,99.0%,89.1%,95.9%,118.3%,96.7%,109.4%,86.7%,88.2%,103.7%,104.0%,98.2%,93.3%,106.0%,114.9%,95.8%,90.5%,88.5%,95.5%,101.3%,103.8%,99.8%,99.3%,109.9%,100.0%,101.0%,118.6%,116.6%,125.2%,111.8%,103.2%,102.3%,109.9%,118.8%,110.6%,101.4%,107.3%,117.2%,120.6%,133.3%,120.4%,114.3%,103.9%,108.3%,96.3%,105.4%,103.8%,112.1%,103.8%,106.3%,112.9%,111.1%,110.3%,123.6%,111.6%,107.0%,111.6%,113.5%,95.8%,110.1%,133.9%,100.2%,113.6%,111.5%,103.3%,111.6%,110.3%,147.5%,106.8%,132.2%,101.7%,112.5%,123.9%,114.7%,115.3%,110.9%,115.8%,119.3%,112.4%,106.6%,118.5%,115.2%,129.3%,115.6%,111.8%,111.6%,113.6%,119.7%,108.6%,100.6%,110.1%,125.7%,153.8%,85.8%,82.9%,86.4%,107.9%,121.8%,95.5%,95.4%,116.7%,83.3%,92.1%,113.5%,92.2%,111.8%,102.9%,77.4%,101.9%,102.5%,98.1%,112.0%,123.0%,101.8%,94.9%,101.6%,107.5%,104.4%,106.4%,108.8%,102.7%,120.7%,92.1%,88.6%,95.1%,114.6%,119.9%,85.9%,92.2%,97.5%,105.3%,101.3%,107.2%,89.5%,91.4%,100.0%,106.6%,95.8%,119.3%,150.9%,165.9%,98.7%,84.8%,84.4%,92.5%,97.3%,101.1%,84.8%,79.0%,104.2%,101.1%,93.1%,96.9%,80.3%,103.6%,75.1%,84.2%,86.9%,93.0%,87.3%,94.3%,94.2%,84.7%,71.8%,87.3%,78.6%,75.4%,98.4%,90.4%,91.8%,85.4%,78.1%,108.9%,90.4%,83.6%,96.0%,75.3%,93.1%,80.5%,93.1%,92.6%,95.1%,104.0%,85.4%,84.9%,84.8%,75.1%,88.7%,86.4%,79.9%,88.5%,93.0%,79.0%,97.6%,82.3%,90.1%,79.1%,75.3%,71.4%,87.0%,81.9%,90.6%,89.2%,86.7%,81.8%,89.5%,76.1%,83.1%,85.5%,91.6%,87.0%,80.1%,88.6%,87.7%,92.0%,88.4%,82.8%,95.4%,83.1%,85.4%,84.9%,92.7%,80.2%,98.4%,90.3%,78.4%,104.4%,81.4%,80.6%,80.6%,84.5%,81.7%,79.9%,93.0%,99.5%,119.1%,81.5%,88.8%,79.2%,70.7%,89.4%,79.3%,84.1%,89.5%,93.7%,108.3%,100.6%,90.4%,80.4%,104.4%,97.0%,99.9%,101.6%,82.9%,91.6%,84.4%,99.7%,92.9%,103.2%,90.4%,87.4%,97.3%,112.4%,197.0%,105.4%,97.8%,96.4%,88.4%,92.2%,102.3%,84.0%,100.9%,105.7%,116.3%,94.2%,87.2%,98.0%,90.5%,106.2%,108.6%,90.5%,,,
창신2동,122.5%,97.0%,112.0%,107.0%,107.0%,106.2%,110.1%,120.3%,98.7%,102.4%,115.7%,108.5%,106.7%,105.4%,116.8%,91.5%,108.4%,97.0%,107.8%,117.5%,115.0%,115.4%,97.3%,100.3%,101.8%,113.5%,101.0%,96.1%,96.3%,105.2%,105.0%,102.4%,111.1%,105.2%,110.8%,112.6%,103.6%,98.0%,116.6%,94.2%,112.2%,111.0%,101.7%,102.7%,114.7%,101.8%,107.9%,116.9%,115.4%,108.1%,105.1%,118.4%,98.7%,104.6%,104.9%,112.5%,126.1%,108.7%,110.8%,115.8%,90.4%,125.6%,110.6%,107.2%,104.2%,125.7%,113.5%,120.9%,117.8%,118.0%,104.9%,103.9%,117.9%,116.9%,107.2%,102.2%,116.3%,107.0%,101.5%,102.9%,121.6%,105.5%,114.9%,126.9%,108.0%,106.8%,88.9%,103.2%,108.0%,99.0%,122.7%,107.8%,90.2%,32.2%,0.0%,0.0%,0.0%,0.0%,0.0%,0.0%,0.0%,21.4%,110.4%,113.4%,122.3%,123.2%,121.2%,106.0%,125.7%,113.6%,136.3%,141.4%,124.7%,139.3%,124.8%,130.6%,147.6%,119.2%,137.2%,125.6%,127.2%,140.2%,148.6%,142.5%,139.0%,161.4%,125.8%,127.1%,115.0%,122.5%,129.2%,143.6%,129.9%,137.2%,140.9%,137.0%,134.3%,147.8%,125.4%,140.1%,141.0%,151.5%,126.9%,142.7%,134.7%,121.8%,118.8%,135.4%,116.5%,128.3%,128.7%,142.9%,167.7%,154.6%,137.7%,139.6%,126.8%,125.6%,138.0%,140.7%,141.5%,125.4%,122.1%,124.9%,119.4%,128.9%,152.9%,153.7%,131.6%,121.3%,130.1%,148.6%,102.2%,124.1%,118.2%,149.1%,133.7%,127.8%,110.7%,116.2%,119.0%,121.5%,111.6%,116.7%,105.8%,109.7%,104.7%,128.7%,110.7%,119.1%,120.4%,107.8%,121.3%,115.9%,121.0%,118.6%,108.1%,123.4%,118.1%,116.4%,115.5%,101.7%,110.3%,104.8%,108.6%,110.5%,105.1%,106.5%,122.8%,108.8%,106.7%,97.8%,123.3%,104.2%,95.8%,119.7%,113.8%,124.1%,105.5%,104.9%,99.4%,98.5%,149.2%,165.0%,170.4%,114.6%,107.3%,110.1%,87.2%,109.6%,121.1%,121.0%,104.0%,99.0%,97.5%,88.0%,91.7%,105.9%,108.8%,99.5%,109.6%,100.7%,112.6%,107.9%,117.8%,108.1%,105.4%,107.8%,94.5%,97.4%,111.6%,98.3%,102.4%,107.5%,115.3%,102.3%,105.2%,101.5%,83.4%,101.1%,91.5%,92.3%,93.3%,98.7%,97.2%,113.1%,102.0%,103.4%,99.9%,97.1%,89.5%,91.3%,108.5%,96.1%,102.1%,106.6%,101.0%,101.2%,101.0%,101.2%,94.2%,97.1%,100.3%,106.4%,109.9%,96.8%,119.1%,107.1%,105.2%,102.4%,83.4%,100.9%,109.5%,100.5%,93.6%,98.6%,90.4%,74.8%,87.8%,112.2%,95.1%,92.0%,93.2%,224.7%,108.9%,92.5%,92.6%,88.3%,93.7%,110.7%,109.1%,92.7%,86.2%,84.2%,92.8%,86.4%,90.3%,92.6%,111.6%,136.3%,88.8%,103.1%,80.2%,101.5%,93.2%,90.2%,98.6%,93.0%,82.9%,99.1%,94.0%,90.3%,99.8%,103.8%,88.5%,108.0%,104.8%,96.5%,94.4%,96.1%,101.6%,86.3%,100.7%,102.0%,101.8%,104.5%,123.1%,188.6%,117.3%,110.3%,97.8%,95.1%,102.6%,111.9%,102.1%,99.3%,104.4%,92.5%,98.3%,101.8%,87.9%,115.5%,92.2%,101.8%,90.1%,,,
창신3동,28.5%,62.0%,54.8%,60.6%,57.2%,71.7%,49.5%,39.0%,66.0%,71.4%,56.6%,81.9%,67.7%,37.5%,39.6%,65.2%,66.1%,64.3%,66.1%,67.5%,49.4%,41.6%,67.6%,63.3%,67.7%,64.7%,58.3%,47.8%,33.4%,63.2%,56.2%,77.4%,60.2%,55.0%,31.8%,38.2%,34.1%,61.4%,70.3%,58.8%,65.2%,42.8%,25.0%,64.0%,63.5%,65.1%,68.5%,70.2%,40.1%,34.1%,45.0%,46.7%,68.5%,67.3%,67.0%,45.2%,37.8%,77.1%,66.5%,65.4%,55.2%,67.3%,37.5%,34.9%,67.0%,64.7%,38.1%,64.9%,64.4%,43.4%,37.1%,67.2%,70.6%,38.4%,67.4%,64.6%,37.0%,31.7%,60.8%,58.2%,57.1%,56.2%,60.9%,43.3%,41.3%,58.2%,63.8%,59.7%,74.4%,57.3%,51.2%,31.3%,67.5%,70.9%,61.5%,52.1%,62.9%,42.5%,40.2%,56.4%,57.6%,58.0%,55.9%,57.7%,38.7%,30.9%,64.2%,56.8%,73.6%,56.8%,67.6%,47.8%,36.2%,58.0%,55.2%,54.8%,49.3%,46.2%,35.5%,36.2%,55.1%,44.7%,50.4%,57.8%,47.3%,41.6%,29.8%,55.5%,47.7%,53.2%,55.4%,50.3%,33.3%,30.4%,51.1%,51.0%,47.7%,51.9%,59.1%,40.7%,32.5%,53.4%,67.7%,67.6%,67.9%,55.5%,36.6%,36.1%,60.2%,77.6%,75.6%,50.7%,67.1%,37.3%,30.9%,74.7%,59.7%,66.5%,67.1%,63.6%,44.7%,33.2%,60.1%,70.2%,65.1%,65.1%,64.0%,43.6%,34.5%,55.3%,74.3%,63.7%,57.3%,47.8%,27.3%,27.8%,18.4%,25.5%,28.6%,53.2%,58.3%,36.0%,30.4%,60.8%,65.8%,33.1%,66.5%,66.2%,48.1%,35.1%,57.4%,29.4%,57.7%,62.4%,64.4%,38.4%,40.8%,72.7%,58.0%,71.1%,68.9%,69.4%,40.1%,47.0%,63.0%,77.4%,58.8%,55.6%,62.3%,42.8%,32.2%,59.5%,62.1%,69.6%,59.2%,59.4%,41.0%,30.1%,60.1%,76.2%,62.6%,70.7%,76.5%,41.1%,60.4%,69.3%,74.6%,60.4%,64.1%,60.6%,48.9%,34.5%,62.2%,66.5%,58.4%,66.1%,60.3%,43.7%,29.0%,63.1%,58.3%,56.5%,56.9%,60.6%,29.7%,29.9%,57.4%,61.3%,61.5%,61.5%,58.6%,39.8%,30.6%,62.9%,62.3%,59.6%,62.2%,57.2%,37.4%,26.3%,61.7%,53.3%,63.9%,60.2%,62.4%,37.7%,27.2%,63.2%,24.9%,57.7%,58.5%,54.6%,32.9%,32.0%,45.3%,19.3%,49.1%,54.4%,42.7%,31.3%,24.7%,47.9%,55.4%,45.2%,45.2%,38.2%,26.2%,34.9%,43.4%,44.8%,46.6%,47.5%,47.6%,33.7%,29.9%,42.8%,42.4%,46.7%,44.3%,56.7%,30.8%,38.2%,38.0%,46.7%,44.7%,44.4%,44.7%,23.3%,25.7%,18.4%,10.9%,20.9%,38.6%,41.7%,30.0%,24.4%,52.6%,50.6%,65.0%,65.5%,55.3%,31.6%,21.4%,38.9%,44.5%,44.3%,45.3%,42.7%,35.2%,36.3%,45.3%,45.8%,48.6%,56.6%,34.6%,31.5%,24.2%,60.6%,65.2%,62.1%,66.4%,55.6%,34.0%,34.5%,65.5%,70.3%,60.7%,78.9%,72.9%,36.6%,36.5%,64.4%,74.5%,78.8%,58.5%,61.1%,41.4%,33.1%,63.6%,64.6%,58.2%,70.8%,58.6%,37.2%,36.2%,,,
청운효자동,73.7%,86.4%,72.2%,71.7%,60.7%,72.1%,72.8%,72.1%,71.2%,78.1%,66.6%,68.3%,74.6%,70.8%,79.1%,73.5%,78.4%,75.2%,85.1%,90.4%,90.2%,71.9%,66.3%,76.6%,78.7%,75.1%,81.2%,87.1%,79.6%,89.0%,89.4%,66.4%,70.2%,81.6%,92.5%,76.2%,84.9%,73.6%,74.2%,78.1%,84.7%,66.6%,76.6%,76.0%,85.0%,65.2%,55.4%,85.4%,86.7%,96.2%,78.1%,93.0%,65.7%,86.9%,84.4%,107.7%,97.2%,83.2%,86.2%,78.0%,83.4%,96.7%,100.0%,91.2%,81.6%,85.9%,96.1%,85.2%,85.7%,104.8%,76.6%,77.4%,78.9%,87.1%,81.8%,81.6%,90.2%,106.5%,95.7%,79.8%,90.4%,83.2%,89.7%,103.4%,86.1%,89.6%,61.5%,87.6%,82.2%,94.4%,94.9%,64.9%,69.1%,92.9%,87.3%,79.1%,91.3%,91.6%,88.6%,66.3%,71.3%,77.0%,101.2%,93.5%,99.8%,103.5%,89.3%,87.1%,104.0%,81.7%,89.9%,80.2%,85.2%,82.8%,80.7%,73.3%,72.9%,72.4%,78.8%,74.5%,71.1%,72.9%,82.8%,83.1%,86.6%,80.7%,67.2%,65.9%,69.8%,75.5%,67.8%,76.4%,80.1%,69.4%,70.9%,78.1%,86.8%,71.1%,73.5%,74.9%,87.3%,68.6%,71.6%,79.8%,76.7%,64.8%,75.6%,68.3%,70.5%,68.9%,76.7%,75.6%,83.3%,81.8%,76.1%,65.8%,80.5%,205.3%,77.2%,83.1%,89.1%,79.3%,76.4%,79.6%,86.7%,74.6%,79.6%,81.3%,79.3%,71.9%,92.1%,76.2%,73.1%,68.6%,69.3%,63.5%,70.0%,65.6%,69.5%,63.3%,73.0%,77.2%,61.9%,66.6%,67.9%,87.7%,77.2%,72.1%,67.0%,73.9%,72.2%,70.1%,65.1%,65.2%,71.7%,79.5%,76.0%,70.4%,71.4%,68.0%,70.9%,76.7%,86.5%,88.0%,65.2%,64.1%,69.8%,68.5%,70.0%,79.7%,67.4%,63.5%,63.2%,66.2%,69.2%,68.1%,73.5%,69.9%,60.6%,67.3%,66.3%,56.2%,74.2%,84.0%,79.7%,60.7%,62.3%,70.5%,62.6%,65.3%,67.4%,78.6%,57.4%,64.0%,58.8%,66.6%,64.1%,65.2%,62.7%,67.4%,68.7%,65.2%,61.3%,67.6%,69.0%,65.1%,61.4%,61.2%,64.8%,59.4%,62.7%,58.9%,53.4%,57.7%,62.1%,56.7%,60.0%,59.5%,64.8%,70.2%,55.9%,57.9%,59.9%,59.1%,69.5%,74.1%,64.4%,62.0%,57.4%,59.8%,55.3%,62.7%,63.5%,56.8%,61.1%,57.1%,50.9%,55.3%,59.6%,59.3%,58.4%,55.0%,55.4%,55.0%,51.2%,58.8%,62.7%,57.4%,55.3%,58.9%,55.0%,61.2%,59.5%,74.6%,66.4%,95.3%,58.3%,51.5%,53.6%,57.3%,66.6%,59.3%,63.3%,54.1%,58.8%,59.6%,61.0%,59.3%,48.7%,54.9%,64.1%,52.0%,54.2%,53.7%,60.3%,56.1%,54.9%,57.0%,69.9%,73.5%,63.9%,57.6%,67.2%,61.0%,55.8%,59.7%,54.5%,61.3%,70.4%,57.5%,57.8%,62.2%,62.0%,60.9%,70.8%,56.0%,57.1%,60.3%,63.6%,65.3%,59.0%,70.6%,64.9%,65.9%,60.7%,62.3%,67.6%,77.6%,77.5%,63.6%,73.2%,71.4%,63.1%,71.2%,68.1%,68.4%,68.0%,64.5%,66.0%,68.0%,75.9%,66.8%,63.8%,59.2%,62.3%,,,
평창동,101.3%,68.4%,62.7%,64.0%,63.4%,79.8%,48.4%,88.4%,61.1%,67.4%,82.7%,76.0%,69.1%,72.4%,78.2%,77.8%,98.8%,78.7%,89.2%,86.1%,67.9%,105.8%,55.5%,82.9%,94.8%,71.0%,71.3%,70.3%,66.6%,73.1%,92.3%,87.4%,65.5%,73.7%,72.7%,91.7%,76.5%,85.9%,72.2%,76.8%,197.9%,88.9%,110.9%,93.9%,108.9%,85.4%,80.0%,107.0%,104.4%,101.1%,95.9%,104.1%,92.0%,90.4%,95.1%,104.2%,114.5%,93.4%,94.2%,84.5%,103.8%,103.9%,108.6%,108.3%,100.9%,97.5%,109.7%,99.2%,96.3%,96.4%,117.1%,101.3%,93.7%,117.1%,95.0%,109.8%,121.1%,122.7%,123.6%,107.6%,107.1%,102.8%,108.0%,100.9%,85.2%,93.9%,75.0%,95.8%,87.6%,105.0%,93.0%,89.9%,85.1%,97.2%,94.6%,78.9%,87.9%,91.1%,97.6%,87.2%,89.6%,95.1%,85.8%,90.1%,99.9%,101.9%,83.6%,89.9%,88.8%,87.8%,102.5%,89.0%,100.0%,103.1%,97.8%,86.9%,89.2%,94.3%,90.7%,97.4%,89.8%,90.3%,90.6%,95.3%,96.4%,82.6%,101.1%,93.1%,94.7%,90.2%,79.8%,90.5%,95.8%,97.4%,95.9%,107.4%,93.0%,80.4%,93.4%,85.1%,97.1%,82.9%,89.1%,83.7%,103.8%,77.4%,93.4%,99.6%,80.0%,62.5%,77.9%,103.4%,107.6%,94.4%,122.4%,99.9%,101.4%,92.8%,318.3%,104.3%,103.6%,133.6%,110.3%,94.0%,110.0%,103.7%,102.0%,103.8%,116.7%,112.3%,114.0%,103.7%,83.5%,95.6%,88.1%,92.3%,112.2%,89.1%,98.2%,103.3%,109.2%,104.9%,111.4%,96.2%,100.4%,101.8%,102.3%,91.9%,91.6%,113.3%,98.2%,106.4%,93.3%,97.9%,108.5%,109.0%,135.4%,84.9%,99.0%,95.2%,110.4%,114.0%,107.0%,134.1%,106.2%,108.1%,105.7%,103.6%,105.8%,97.1%,126.3%,104.4%,93.3%,93.0%,96.1%,102.8%,105.3%,111.6%,98.4%,85.1%,87.5%,83.5%,93.7%,107.7%,138.7%,82.2%,104.3%,93.7%,95.2%,96.2%,90.2%,100.6%,84.2%,73.8%,90.0%,88.8%,83.4%,105.2%,113.1%,85.0%,84.1%,91.6%,90.6%,90.0%,90.7%,101.3%,93.4%,96.0%,89.3%,97.7%,85.4%,93.0%,99.6%,91.8%,92.1%,94.0%,90.8%,100.6%,95.9%,115.0%,105.1%,95.8%,95.9%,94.1%,94.4%,98.5%,95.7%,71.3%,72.2%,69.8%,70.2%,68.3%,75.8%,82.7%,85.4%,90.4%,76.6%,84.5%,81.8%,68.8%,73.2%,78.1%,84.0%,77.7%,61.6%,76.2%,76.3%,87.9%,74.9%,76.1%,75.9%,80.3%,233.7%,78.1%,74.9%,72.1%,71.1%,75.7%,76.8%,89.4%,74.7%,87.3%,76.5%,74.5%,74.3%,86.1%,81.1%,68.1%,62.5%,70.4%,73.4%,61.9%,70.6%,72.9%,76.3%,74.5%,62.0%,74.1%,78.4%,82.7%,77.4%,73.5%,69.9%,79.9%,72.4%,61.5%,66.2%,75.9%,71.6%,82.8%,88.8%,83.8%,75.3%,84.5%,87.7%,96.3%,98.5%,97.0%,105.4%,96.0%,98.9%,89.7%,95.4%,99.8%,87.5%,81.0%,96.4%,92.1%,89.3%,81.0%,95.9%,89.0%,90.8%,97.7%,87.7%,83.6%,94.7%,104.5%,93.2%,103.1%,79.8%,88.0%,95.8%,87.8%,95.8%,,,
하계1동,128.3%,129.7%,129.9%,130.6%,113.9%,128.0%,121.1%,131.5%,121.0%,139.1%,135.3%,132.8%,144.4%,129.3%,141.3%,136.5%,136.6%,136.4%,136.2%,144.0%,149.8%,146.5%,137.3%,138.7%,148.8%,143.6%,141.6%,138.9%,141.6%,134.5%,141.6%,129.1%,131.0%,132.6%,117.9%,117.0%,127.3%,142.3%,142.3%,121.6%,130.6%,122.9%,138.2%,128.2%,151.6%,123.3%,125.3%,132.7%,138.2%,128.8%,128.5%,119.9%,136.4%,142.4%,148.6%,147.6%,146.0%,134.5%,140.7%,137.0%,149.2%,144.8%,150.1%,142.6%,143.8%,143.4%,137.2%,137.6%,142.2%,159.0%,147.2%,141.5%,151.4%,144.5%,147.7%,153.7%,148.2%,145.0%,166.6%,149.8%,154.0%,147.2%,141.5%,144.1%,130.4%,132.3%,115.7%,134.1%,127.8%,127.3%,137.4%,113.4%,110.8%,129.0%,135.0%,134.9%,135.4%,118.7%,133.3%,116.6%,127.9%,122.4%,127.4%,128.5%,131.9%,121.6%,133.7%,124.5%,133.5%,137.1%,130.2%,138.2%,138.9%,140.2%,139.4%,145.4%,138.7%,134.2%,126.0%,123.1%,131.2%,130.1%,137.7%,133.9%,134.7%,123.4%,126.4%,124.5%,130.9%,128.3%,135.2%,137.6%,128.1%,132.8%,125.6%,137.8%,113.7%,131.4%,143.5%,133.0%,126.4%,132.0%,127.8%,133.1%,137.9%,126.5%,136.1%,130.6%,122.7%,131.3%,128.1%,134.7%,144.4%,150.9%,142.6%,127.6%,133.9%,137.2%,135.2%,131.8%,138.6%,140.1%,140.4%,132.0%,133.4%,139.4%,141.7%,144.4%,136.1%,145.9%,142.6%,133.7%,119.1%,145.1%,138.1%,135.8%,122.9%,114.4%,142.9%,139.5%,139.6%,143.5%,137.7%,132.0%,142.2%,135.9%,151.8%,133.4%,137.0%,139.5%,130.0%,128.0%,133.9%,134.8%,146.9%,139.5%,148.9%,134.8%,135.9%,144.3%,136.1%,148.4%,151.3%,152.9%,143.2%,141.4%,146.8%,150.6%,147.0%,134.1%,141.8%,132.9%,132.7%,139.3%,129.9%,141.7%,135.3%,141.6%,133.1%,137.1%,156.4%,133.4%,159.6%,155.2%,189.7%,142.8%,134.8%,134.5%,124.6%,120.7%,123.6%,114.6%,118.1%,124.5%,124.6%,124.6%,130.9%,122.0%,131.7%,128.0%,125.0%,122.3%,127.7%,118.2%,121.4%,128.9%,129.2%,124.1%,130.4%,132.6%,130.7%,122.3%,125.4%,132.4%,131.5%,123.8%,128.7%,135.1%,134.5%,133.4%,126.4%,130.9%,125.2%,121.9%,120.6%,118.6%,108.4%,119.5%,93.5%,104.3%,102.4%,99.5%,90.6%,95.3%,101.1%,85.7%,97.3%,93.9%,100.0%,103.5%,94.3%,98.0%,99.6%,102.1%,106.3%,107.0%,103.5%,103.7%,110.1%,99.8%,94.4%,103.9%,100.1%,104.1%,102.6%,95.6%,96.8%,101.0%,105.4%,108.1%,101.5%,101.1%,108.0%,102.9%,102.4%,102.9%,109.7%,96.2%,95.9%,84.1%,95.0%,92.9%,97.8%,101.6%,104.1%,105.5%,106.7%,109.0%,120.8%,149.5%,105.8%,98.6%,96.6%,97.8%,93.3%,100.9%,99.1%,102.3%,104.2%,99.8%,103.6%,94.6%,107.9%,100.2%,107.5%,111.9%,118.5%,111.9%,109.9%,113.8%,110.9%,112.5%,117.6%,115.0%,104.9%,114.8%,129.5%,173.1%,123.9%,106.4%,114.3%,110.8%,113.7%,127.5%,113.3%,113.3%,113.9%,117.0%,114.2%,112.7%,110.9%,110.4%,109.8%,114.0%,111.2%,,,
하계2동,145.0%,111.6%,109.8%,133.1%,112.3%,119.8%,162.0%,136.5%,116.3%,113.1%,126.2%,125.0%,148.0%,151.6%,128.6%,117.7%,123.2%,126.9%,135.9%,137.9%,166.0%,146.5%,118.1%,121.5%,130.0%,137.8%,142.6%,148.2%,132.9%,143.3%,144.3%,113.7%,124.0%,140.1%,146.5%,147.3%,152.5%,147.2%,129.5%,114.3%,136.9%,137.5%,158.2%,123.2%,139.1%,121.1%,98.5%,134.9%,159.0%,133.7%,133.2%,113.1%,114.4%,121.9%,141.3%,158.8%,165.1%,126.4%,124.8%,136.6%,133.5%,154.7%,167.1%,142.4%,122.1%,138.5%,143.2%,140.0%,157.8%,177.8%,165.2%,132.4%,138.4%,176.2%,137.1%,142.2%,184.0%,152.6%,166.7%,128.5%,128.9%,126.6%,143.2%,197.6%,170.3%,140.6%,118.7%,142.8%,121.2%,158.9%,170.7%,134.4%,115.6%,145.8%,145.3%,149.7%,174.0%,158.4%,166.4%,121.8%,126.4%,142.7%,140.4%,142.2%,165.4%,155.3%,133.6%,131.3%,146.4%,141.1%,162.8%,168.5%,159.2%,159.5%,157.4%,166.0%,145.2%,158.8%,162.8%,153.9%,148.0%,159.1%,163.8%,150.7%,148.6%,162.4%,149.0%,156.1%,141.6%,153.9%,150.2%,178.0%,178.2%,161.1%,157.1%,154.6%,145.4%,165.0%,173.7%,182.3%,158.8%,161.0%,142.9%,158.9%,146.9%,149.3%,178.0%,171.8%,144.4%,132.1%,144.6%,138.9%,171.2%,202.8%,155.3%,132.7%,150.6%,143.0%,133.1%,157.8%,169.3%,171.8%,140.7%,147.8%,144.0%,174.0%,154.3%,178.4%,150.4%,145.2%,151.3%,141.9%,127.5%,142.8%,192.8%,178.0%,207.5%,166.1%,155.0%,141.6%,166.1%,183.2%,153.0%,131.8%,153.2%,180.4%,150.5%,119.2%,150.2%,160.0%,142.3%,137.0%,125.4%,136.4%,150.4%,168.6%,162.3%,130.8%,144.6%,126.9%,139.3%,156.3%,175.3%,153.9%,129.4%,129.8%,135.0%,140.5%,146.9%,150.0%,153.5%,131.4%,125.7%,137.3%,123.5%,148.9%,154.7%,137.1%,134.3%,140.3%,124.4%,126.5%,164.4%,176.1%,202.3%,140.4%,133.0%,137.4%,136.2%,145.6%,141.8%,136.9%,116.5%,125.5%,125.2%,121.9%,127.8%,142.3%,154.5%,121.8%,125.2%,112.5%,136.3%,142.1%,152.9%,147.3%,127.5%,110.6%,117.9%,121.2%,120.5%,135.8%,147.4%,123.6%,127.5%,126.0%,125.2%,130.5%,152.6%,138.7%,125.5%,132.3%,125.8%,125.7%,133.6%,151.1%,140.8%,136.8%,112.3%,111.9%,115.4%,136.6%,149.7%,123.3%,138.1%,130.0%,116.8%,113.6%,122.1%,137.8%,130.9%,126.8%,128.7%,121.7%,137.2%,133.9%,144.2%,132.5%,130.6%,130.5%,132.9%,130.2%,137.9%,140.4%,126.0%,141.3%,129.7%,132.5%,129.6%,153.2%,126.2%,145.7%,124.5%,134.6%,127.4%,158.8%,142.6%,141.1%,117.3%,124.7%,177.9%,135.0%,129.4%,138.1%,136.6%,137.1%,130.7%,125.9%,157.6%,171.7%,150.2%,124.5%,124.1%,133.8%,131.2%,126.9%,126.6%,140.5%,151.1%,147.9%,133.9%,132.6%,142.0%,148.5%,130.3%,140.0%,133.1%,134.2%,120.2%,113.3%,128.9%,135.2%,171.4%,148.2%,127.3%,118.7%,140.0%,180.9%,137.3%,160.2%,138.1%,104.2%,126.6%,124.0%,113.8%,136.3%,151.9%,156.5%,118.2%,118.0%,115.8%,118.7%,140.1%,143.2%,132.7%,,,
혜화동,97.9%,112.2%,108.5%,104.6%,105.0%,104.1%,99.1%,127.8%,110.8%,120.0%,105.8%,107.5%,114.8%,112.4%,105.9%,101.9%,111.0%,108.4%,110.6%,106.9%,117.5%,122.2%,103.6%,106.2%,114.1%,112.8%,115.6%,117.8%,108.2%,108.8%,119.7%,114.6%,123.3%,121.2%,119.0%,108.4%,99.2%,115.3%,118.7%,118.5%,126.9%,113.0%,121.2%,117.6%,120.8%,115.6%,108.0%,115.4%,121.7%,110.5%,101.5%,127.7%,116.0%,111.4%,120.0%,124.5%,121.2%,106.5%,120.9%,109.0%,120.6%,114.0%,118.1%,120.9%,110.2%,114.3%,115.3%,110.6%,117.7%,159.8%,124.2%,113.9%,113.1%,114.9%,119.8%,120.3%,127.9%,117.2%,129.7%,114.2%,125.6%,121.9%,123.5%,120.5%,116.9%,113.1%,93.6%,109.0%,117.6%,112.4%,126.0%,102.1%,98.3%,105.0%,104.4%,104.7%,106.5%,117.5%,102.9%,93.8%,107.9%,108.6%,102.1%,109.0%,110.7%,105.1%,99.4%,104.2%,103.0%,108.1%,102.9%,107.7%,107.7%,102.9%,95.9%,100.7%,96.4%,108.5%,111.9%,96.5%,102.3%,102.5%,112.1%,108.8%,109.1%,104.1%,99.0%,98.0%,103.3%,105.3%,111.2%,110.5%,111.4%,109.0%,97.0%,104.7%,110.5%,104.0%,108.4%,108.2%,98.6%,97.6%,85.2%,113.6%,118.5%,102.8%,113.4%,139.4%,98.9%,107.4%,101.8%,113.6%,128.8%,134.9%,127.8%,122.1%,124.4%,126.3%,127.7%,127.6%,140.8%,143.8%,126.1%,131.8%,125.8%,128.0%,138.6%,133.2%,119.8%,117.8%,122.1%,127.1%,111.9%,110.6%,110.4%,101.2%,89.6%,86.0%,98.9%,113.3%,115.2%,123.8%,107.9%,114.1%,118.6%,111.6%,117.0%,115.0%,125.4%,110.2%,116.2%,111.6%,113.7%,116.3%,117.1%,115.7%,124.9%,119.4%,123.9%,114.7%,116.4%,122.3%,128.3%,122.0%,114.6%,118.9%,115.8%,122.6%,121.2%,125.1%,130.0%,111.9%,115.0%,116.4%,120.0%,110.7%,125.6%,118.8%,116.6%,118.1%,120.4%,119.4%,130.5%,137.5%,175.4%,113.4%,116.2%,122.3%,114.2%,113.7%,125.8%,115.4%,114.1%,113.2%,110.4%,110.9%,107.7%,118.1%,115.8%,100.1%,106.5%,108.5%,110.0%,108.6%,110.4%,113.3%,109.0%,109.6%,99.4%,107.2%,105.0%,110.1%,115.2%,105.9%,113.4%,109.0%,102.2%,107.5%,119.8%,110.2%,109.1%,112.5%,108.0%,112.4%,115.8%,118.4%,108.9%,107.0%,103.4%,100.7%,96.3%,90.2%,100.2%,95.1%,87.2%,86.0%,87.1%,93.0%,95.2%,95.9%,93.4%,87.1%,92.8%,91.4%,78.8%,92.4%,99.8%,96.8%,93.4%,88.9%,85.7%,86.2%,93.1%,96.1%,88.1%,82.2%,83.1%,87.1%,83.4%,92.7%,91.4%,100.0%,87.0%,76.9%,82.6%,78.6%,82.3%,69.8%,72.2%,60.8%,63.0%,61.1%,74.3%,74.0%,89.8%,96.2%,76.0%,82.7%,80.1%,97.8%,86.7%,93.5%,83.3%,76.2%,84.3%,74.3%,78.3%,85.0%,97.9%,103.3%,84.5%,87.2%,90.6%,90.2%,105.7%,106.9%,98.2%,97.8%,102.2%,96.9%,98.7%,98.1%,109.3%,108.6%,100.3%,104.4%,103.1%,123.1%,113.2%,111.2%,97.8%,101.6%,107.0%,118.0%,108.6%,99.9%,115.9%,108.5%,102.9%,103.4%,103.3%,103.4%,103.7%,112.0%,99.5%,,,
,,,,,,,,,,,,,,,,,,,,,,,,,,,,,,,,,,,,,,,,,,,,,,,,,,,,,,,,,,,,,,,,,,,,,,,,,,,,,,,,,,,,,,,,,,,,,,,,,,,,,,,,,,,,,,,,,,,,,,,,,,,,,,,,,,,,,,,,,,,,,,,,,,,,,,,,,,,,,,,,,,,,,,,,,,,,,,,,,,,,,,,,,,,,,,,,,,,,,,,,,,,,,,,,,,,,,,,,,,,,,,,,,,,,,,,,,,,,,,,,,,,,,,,,,,,,,,,,,,,,,,,,,,,,,,,,,,,,,,,,,,,,,,,,,,,,,,,,,,,,,,,,,,,,,,,,,,,,,,,,,,,,,,,,,,,,,,,,,,,,,,,,,,,,,,,,,,,,,,,,,,,,,,,,
,,,,,,,,,,,,,,,,,,,,,,,,,,,,,,,,,,,,,,,,,,,,,,,,,,,,,,,,,,,,,,,,,,,,,,,,,,,,,,,,,,,,,,,,,,,,,,,,,,,,,,,,,,,,,,,,,,,,,,,,,,,,,,,,,,,,,,,,,,,,,,,,,,,,,,,,,,,,,,,,,,,,,,,,,,,,,,,,,,,,,,,,,,,,,,,,,,,,,,,,,,,,,,,,,,,,,,,,,,,,,,,,,,,,,,,,,,,,,,,,,,,,,,,,,,,,,,,,,,,,,,,,,,,,,,,,,,,,,,,,,,,,,,,,,,,,,,,,,,,,,,,,,,,,,,,,,,,,,,,,,,,,,,,,,,,,,,,,,,,,,,,,,,,,,,,,,,,,,,,,,,,,,,,,
